ts,coin,addr,kind,side,szi_prev,szi,delta,entryPx,mark
2026-08-20T15:49:44+00:00,ETH,0xf5d81a135f756ca16544e53c20fc20643ec3ad53,REDUCE,LONG,-88.7433,37.3486,126.09190000000001,2316.41,2317.1
2026-08-20T21:42:31+00:00,ETH,0x020ca66c30bec2c4fe3861a94e4db4a498a35872,OPEN,LONG,0.0,21600.0,21600.0,2153.99,2319.7
2026-08-20T21:42:31+00:00,ETH,0x023a3d058020fb76cca98f01b3c48c8938a22355,ADD,SHORT,-2314.6932,-2658.9642,-344.27099999999973,2318.9,2319.7
2026-08-20T21:42:31+00:00,ETH,0x051c2e6d49cf82ebc47f08f9b85800f94fc9693c,OPEN,LONG,0.0,3189.8949,3189.8949,1997.53,2319.7
2026-08-20T21:42:31+00:00,ETH,0x07fd993f0fa3a185f7207adccd29f7a87404689d,OPEN,LONG,0.0,544.971,544.971,2052.21,2319.7
2026-08-20T21:42:31+00:00,ETH,0x0c684f333a7e120bce61383da670bbb0157e82d0,OPEN,SHORT,0.0,-91.1695,-91.1695,2253.49,2319.7
2026-08-20T21:42:31+00:00,ETH,0x17c3c8fdbcb7d1b240ce08965e09b1fc91cba868,OPEN,LONG,0.0,1093.5842,1093.5842,1840.66,2319.7
2026-08-20T21:42:31+00:00,ETH,0x218a65e21eddeece7a9df38c6bbdd89f692b7da2,OPEN,SHORT,0.0,-8310.8633,-8310.8633,1869.0,2319.7
2026-08-20T21:42:31+00:00,ETH,0x31dea2516beee92135b96f464eeec3cf292a13f2,ADD,SHORT,-483.9703,-761.258,-277.28770000000003,2325.11,2319.7
2026-08-20T21:42:31+00:00,ETH,0x3bcae23e8c380dab4732e9a159c0456f12d866f3,CLOSE,SHORT,-2242.453,0.0,2242.453,,2319.7
2026-08-20T21:42:31+00:00,ETH,0x3ee505ba316879d246a8fd2b3d7ee63b51b44fab,OPEN,LONG,0.0,920.5667,920.5667,1737.62,2319.7
2026-08-20T21:42:31+00:00,ETH,0x469e9a7f624b04c24f0e64edf8d8a277e6bf58a5,OPEN,LONG,0.0,1926.91,1926.91,2319.61,2319.7
2026-08-20T21:42:31+00:00,ETH,0x4a20b9496610941053858bd0b7e92493f44c3c26,OPEN,LONG,0.0,1500.0,1500.0,2257.4,2319.7
2026-08-20T21:42:31+00:00,ETH,0x4e23288cee4960f9f962195c22948e4bc7ae20c3,REDUCE,SHORT,-8981.1468,-8144.6499,836.4969000000001,2328.23,2319.7
2026-08-20T21:42:31+00:00,ETH,0x523852be2db1a76a0e088ecbff32e849544054e5,OPEN,SHORT,0.0,-700.0,-700.0,2340.31,2319.7
2026-08-20T21:42:31+00:00,ETH,0x5b5d51203a0f9079f8aeb098a6523a13f298c060,ADD,SHORT,-32277.8545,-34016.8717,-1739.017200000002,1932.57,2319.7
2026-08-20T21:42:31+00:00,ETH,0x5f912dbde4530bc43f8322196db54592e3dd65aa,OPEN,LONG,0.0,7964.6559,7964.6559,1626.99,2319.7
2026-08-20T21:42:31+00:00,ETH,0x66466428990e0f42a4c54f64bee0db6bf2336de5,OPEN,LONG,0.0,10000.0,10000.0,1765.8,2319.7
2026-08-20T21:42:31+00:00,ETH,0x6859da14835424957a1e6b397d8026b1d9ff7e1e,OPEN,SHORT,0.0,-1499.2013,-1499.2013,1947.12,2319.7
2026-08-20T21:42:31+00:00,ETH,0x6de826934315dec6bfba7a20be881d76d4f76e4c,OPEN,SHORT,0.0,-11436.65,-11436.65,2251.64,2319.7
2026-08-20T21:42:31+00:00,ETH,0x71dfc07de32c2ebf1c4801f4b1c9e40b76d4a23d,OPEN,SHORT,0.0,-68.0017,-68.0017,2038.19,2319.7
2026-08-20T21:42:31+00:00,ETH,0x72774e2fe1992d5da8c6e9cef73fd2ab980c0b98,OPEN,LONG,0.0,579.3237,579.3237,2307.54,2319.7
2026-08-20T21:42:31+00:00,ETH,0x7717a7a245d9f950e586822b8c9b46863ed7bd7e,OPEN,SHORT,0.0,-200.5694,-200.5694,2323.43,2319.7
2026-08-20T21:42:31+00:00,ETH,0x7fdafde5cfb5465924316eced2d3715494c517d1,REDUCE,SHORT,-40185.9549,-40089.6029,96.35199999999895,1981.31,2319.7
2026-08-20T21:42:31+00:00,ETH,0x8cc94dc843e1ea7a19805e0cca43001123512b6a,OPEN,SHORT,0.0,-5000.0,-5000.0,1791.18,2319.7
2026-08-20T21:42:31+00:00,ETH,0x936cf4fb95c30ce83f658b5bbb247e4bb381bb0f,REDUCE,SHORT,-2569.4506,-2503.7364,65.71420000000035,2133.52,2319.7
2026-08-20T21:42:31+00:00,ETH,0x9546b9d4103be41ce13483a8f299d0df0eeb181c,OPEN,LONG,0.0,2018.1549,2018.1549,2333.42,2319.7
2026-08-20T21:42:31+00:00,ETH,0xa445a0a15b1d50fa0c4bfe6796d9447e0da5329d,OPEN,SHORT,0.0,-5486.2143,-5486.2143,2317.93,2319.7
2026-08-20T21:42:31+00:00,ETH,0xacb66d1996501bcc82a0e7819c9e041599f5efbd,OPEN,SHORT,0.0,-491.0185,-491.0185,1853.58,2319.7
2026-08-20T21:42:31+00:00,ETH,0xb83de012dba672c76a7dbbbf3e459cb59d7d6e36,ADD,SHORT,-29454.9207,-33961.3907,-4506.470000000005,2055.7,2319.7
2026-08-20T21:42:31+00:00,ETH,0xbbcb0c0aef0b28125af2f719f81d6a5b76f56f30,OPEN,LONG,0.0,400.0,400.0,1901.6,2319.7
2026-08-20T21:42:31+00:00,ETH,0xbc1bc64be47052fbab69d12fe5da1c3327788d1b,OPEN,LONG,0.0,1500.0,1500.0,2287.81,2319.7
2026-08-20T21:42:31+00:00,ETH,0xc63a0f0db2c9604283172e83bd035902e0f0a3cd,OPEN,LONG,0.0,15000.0,15000.0,2249.15,2319.7
2026-08-20T21:42:31+00:00,ETH,0xd260b2216b735277da6771564a01c04856e78321,OPEN,SHORT,0.0,-750.0,-750.0,2170.01,2319.7
2026-08-20T21:42:31+00:00,ETH,0xd4c1f7e8d876c4749228d515473d36f919583d1d,OPEN,SHORT,0.0,-9014.8729,-9014.8729,2273.8,2319.7
2026-08-20T21:42:31+00:00,ETH,0xdf954bbe619273a56e0cfa90dad8382195dc7d72,ADD,SHORT,-5456.8158,-5734.1956,-277.3797999999997,1986.16,2319.7
2026-08-20T21:42:31+00:00,ETH,0xecb63caa47c7c4e77f60f1ce858cf28dc2b82b00,ADD,SHORT,-12671.4616,-13738.5652,-1067.1035999999986,2306.0,2319.7
2026-08-20T21:42:31+00:00,ETH,0xf517639a8872e756ac98d3c65507d2ebc25cc032,OPEN,SHORT,0.0,-2017.148,-2017.148,1919.96,2319.7
2026-08-20T21:42:31+00:00,ETH,0xf822fa0fd364c573fcdb7009fcf47601bc8be01a,REDUCE,SHORT,-14768.0164,-12201.5549,2566.4615000000013,1789.28,2319.7
2026-08-20T21:42:31+00:00,ETH,0xfc27136e42af1732ddc9ce2605ea9bff1b959d9d,ADD,SHORT,-2242.9182,-2594.8303,-351.9121,2297.78,2319.7
2026-08-20T21:42:31+00:00,ETH,0xfc667adba8d4837586078f4fdcdc29804337ca06,ADD,SHORT,-1725.5756,-1916.0966,-190.52100000000019,2303.63,2319.7
2026-08-20T23:00:28+00:00,ETH,0x020ca66c30bec2c4fe3861a94e4db4a498a35872,ADD,LONG,21600.0,22000.0,400.0,2156.92,2315.6
2026-08-20T23:00:28+00:00,ETH,0x023a3d058020fb76cca98f01b3c48c8938a22355,ADD,SHORT,-2658.9642,-6095.9229,-3436.9586999999997,2317.08,2315.6
2026-08-20T23:00:28+00:00,ETH,0x17c3c8fdbcb7d1b240ce08965e09b1fc91cba868,REDUCE,LONG,1093.5842,1041.9042,-51.680000000000064,1840.66,2315.6
2026-08-20T23:00:28+00:00,ETH,0x31dea2516beee92135b96f464eeec3cf292a13f2,ADD,SHORT,-761.258,-1596.4526,-835.1946,2319.94,2315.6
2026-08-20T23:00:28+00:00,ETH,0x469e9a7f624b04c24f0e64edf8d8a277e6bf58a5,ADD,LONG,1926.91,7109.634,5182.724,2316.9,2315.6
2026-08-20T23:00:28+00:00,ETH,0x523852be2db1a76a0e088ecbff32e849544054e5,CLOSE,SHORT,-700.0,0.0,700.0,,2315.6
2026-08-20T23:00:28+00:00,ETH,0x5b5d51203a0f9079f8aeb098a6523a13f298c060,ADD,SHORT,-34016.8717,-34448.5141,-431.642399999997,1937.38,2315.6
2026-08-20T23:00:28+00:00,ETH,0x69906b0ed626ca01a4b7c001e5711e5714ccf207,OPEN,LONG,0.0,500.0,500.0,2262.48,2315.6
2026-08-20T23:00:28+00:00,ETH,0x6de826934315dec6bfba7a20be881d76d4f76e4c,CLOSE,SHORT,-11436.65,0.0,11436.65,,2315.6
2026-08-20T23:00:28+00:00,ETH,0x7717a7a245d9f950e586822b8c9b46863ed7bd7e,ADD,SHORT,-200.5694,-419.0617,-218.49229999999997,2319.02,2315.6
2026-08-20T23:00:28+00:00,ETH,0x7b7f72a28fe109fa703eeed7984f2a8a68fedee2,ADD,SHORT,38.0004,-1157.4909,-1195.4913,2315.46,2315.6
2026-08-20T23:00:28+00:00,ETH,0xa445a0a15b1d50fa0c4bfe6796d9447e0da5329d,REDUCE,SHORT,-5486.2143,-0.0001,5486.214199999999,2317.93,2315.6
2026-08-20T23:00:28+00:00,ETH,0xd4c1f7e8d876c4749228d515473d36f919583d1d,ADD,SHORT,-9014.8729,-9501.3894,-486.5164999999997,2275.93,2315.6
2026-08-20T23:00:28+00:00,ETH,0xdf954bbe619273a56e0cfa90dad8382195dc7d72,ADD,SHORT,-5734.1956,-5945.2224,-211.02679999999964,1997.82,2315.6
2026-08-20T23:00:28+00:00,ETH,0xecb63caa47c7c4e77f60f1ce858cf28dc2b82b00,ADD,SHORT,-13738.5652,-18495.8756,-4757.3104,2308.61,2315.6
2026-08-20T23:00:28+00:00,ETH,0xf5d81a135f756ca16544e53c20fc20643ec3ad53,ADD,SHORT,30.9519,-227.6874,-258.6393,2314.64,2315.6
2026-08-20T23:00:28+00:00,ETH,0xf822fa0fd364c573fcdb7009fcf47601bc8be01a,REDUCE,SHORT,-12201.5549,-11191.7,1009.8548999999985,1789.28,2315.6
2026-08-20T23:00:28+00:00,ETH,0xfc27136e42af1732ddc9ce2605ea9bff1b959d9d,ADD,SHORT,-2594.8303,-3775.7069,-1180.8766,2303.55,2315.6
2026-08-20T23:54:38+00:00,ETH,0x020ca66c30bec2c4fe3861a94e4db4a498a35872,REDUCE,LONG,22000.0,21100.0,-900.0,2156.92,2328.7
2026-08-20T23:54:38+00:00,ETH,0x023a3d058020fb76cca98f01b3c48c8938a22355,ADD,SHORT,-6095.9229,-7616.2031,-1520.2802000000001,2318.73,2328.7
2026-08-20T23:54:38+00:00,ETH,0x31dea2516beee92135b96f464eeec3cf292a13f2,ADD,SHORT,-1596.4526,-1791.1485,-194.69589999999994,2320.92,2328.7
2026-08-20T23:54:38+00:00,ETH,0x469e9a7f624b04c24f0e64edf8d8a277e6bf58a5,ADD,LONG,7109.634,10000.0,2890.366,2319.5,2328.7
2026-08-20T23:54:38+00:00,ETH,0x5b5d51203a0f9079f8aeb098a6523a13f298c060,ADD,SHORT,-34448.5141,-34600.5358,-152.0216999999975,1939.12,2328.7
2026-08-20T23:54:38+00:00,ETH,0x69906b0ed626ca01a4b7c001e5711e5714ccf207,CLOSE,LONG,500.0,0.0,-500.0,,2328.7
2026-08-20T23:54:38+00:00,ETH,0x7b7f72a28fe109fa703eeed7984f2a8a68fedee2,REDUCE,SHORT,-1157.4909,-898.8997,258.59119999999996,2315.46,2328.7
2026-08-20T23:54:38+00:00,ETH,0xd4c1f7e8d876c4749228d515473d36f919583d1d,ADD,SHORT,-9501.3894,-9657.3553,-155.96589999999924,2276.69,2328.7
2026-08-20T23:54:38+00:00,ETH,0xdf954bbe619273a56e0cfa90dad8382195dc7d72,ADD,SHORT,-5945.2224,-6173.224,-228.0016000000005,2009.96,2328.7
2026-08-20T23:54:38+00:00,ETH,0xecb63caa47c7c4e77f60f1ce858cf28dc2b82b00,ADD,SHORT,-18495.8756,-20566.5323,-2070.6566999999995,2310.66,2328.7
2026-08-20T23:54:38+00:00,ETH,0xf822fa0fd364c573fcdb7009fcf47601bc8be01a,REDUCE,SHORT,-11191.7,-10061.8924,1129.8076,1789.28,2328.7
2026-08-20T23:54:38+00:00,ETH,0xfc27136e42af1732ddc9ce2605ea9bff1b959d9d,ADD,SHORT,-3775.7069,-4335.1839,-559.4769999999999,2306.66,2328.7
2026-08-21T03:30:56+00:00,ETH,0x020ca66c30bec2c4fe3861a94e4db4a498a35872,REDUCE,LONG,21100.0,19500.0,-1600.0,2171.92,2351.5
2026-08-21T03:30:56+00:00,ETH,0x023a3d058020fb76cca98f01b3c48c8938a22355,REDUCE,SHORT,-7616.2031,-7029.6355,586.5675999999994,2326.31,2351.5
2026-08-21T03:30:56+00:00,ETH,0x0c684f333a7e120bce61383da670bbb0157e82d0,REDUCE,SHORT,-84.696,-24.7393,59.9567,2253.49,2351.5
2026-08-21T03:30:56+00:00,ETH,0x31dea2516beee92135b96f464eeec3cf292a13f2,REDUCE,SHORT,-1791.1485,-1552.5107,238.63779999999997,2346.09,2351.5
2026-08-21T03:30:56+00:00,ETH,0x3bcae23e8c380dab4732e9a159c0456f12d866f3,OPEN,SHORT,0.0,-1966.4369,-1966.4369,2355.57,2351.5
2026-08-21T03:30:56+00:00,ETH,0x469e9a7f624b04c24f0e64edf8d8a277e6bf58a5,CLOSE,LONG,10000.0,0.0,-10000.0,,2351.5
2026-08-21T03:30:56+00:00,ETH,0x4e23288cee4960f9f962195c22948e4bc7ae20c3,ADD,SHORT,-8144.6499,-9422.1088,-1277.4588999999996,2331.01,2351.5
2026-08-21T03:30:56+00:00,ETH,0x5b5d51203a0f9079f8aeb098a6523a13f298c060,ADD,SHORT,-34600.5358,-35338.61,-738.0742000000027,1947.67,2351.5
2026-08-21T03:30:56+00:00,ETH,0x61ceef212ff4a86933c69fb6aca2fe35d8f2a62b,OPEN,SHORT,0.0,-1280.2278,-1280.2278,2342.43,2351.5
2026-08-21T03:30:56+00:00,ETH,0x7b7f72a28fe109fa703eeed7984f2a8a68fedee2,REDUCE,SHORT,-898.8997,-38.7437,860.1560000000001,2348.01,2351.5
2026-08-21T03:30:56+00:00,ETH,0xa445a0a15b1d50fa0c4bfe6796d9447e0da5329d,ADD,SHORT,-0.0001,-5224.8632,-5224.8631,2341.85,2351.5
2026-08-21T03:30:56+00:00,ETH,0xacb66d1996501bcc82a0e7819c9e041599f5efbd,CLOSE,SHORT,-491.0185,0.0,491.0185,,2351.5
2026-08-21T03:30:56+00:00,ETH,0xb5b3f3caf9d778b1293e5cd29f32e84b04c67a08,OPEN,LONG,0.0,4000.0,4000.0,2038.2,2351.5
2026-08-21T03:30:56+00:00,ETH,0xb83de012dba672c76a7dbbbf3e459cb59d7d6e36,ADD,SHORT,-33969.972,-34046.78,-76.80799999999726,2056.42,2351.5
2026-08-21T03:30:56+00:00,ETH,0xd4c1f7e8d876c4749228d515473d36f919583d1d,ADD,SHORT,-9657.3553,-9701.8936,-44.53830000000016,2277.07,2351.5
2026-08-21T03:30:56+00:00,ETH,0xdf954bbe619273a56e0cfa90dad8382195dc7d72,REDUCE,SHORT,-6173.224,-6000.506,172.71799999999985,2010.63,2351.5
2026-08-21T03:30:56+00:00,ETH,0xe86b057f5eb764c9738d6b0d38170befd0723664,OPEN,SHORT,0.0,-282.5185,-282.5185,2341.6,2351.5
2026-08-21T03:30:56+00:00,ETH,0xecb63caa47c7c4e77f60f1ce858cf28dc2b82b00,REDUCE,SHORT,-20566.5323,-18337.3927,2229.1395999999986,2330.77,2351.5
2026-08-21T03:30:56+00:00,ETH,0xf5d81a135f756ca16544e53c20fc20643ec3ad53,REDUCE,SHORT,-195.8182,-4.621,191.19719999999998,2351.3,2351.5
2026-08-21T03:30:56+00:00,ETH,0xf822fa0fd364c573fcdb7009fcf47601bc8be01a,REDUCE,SHORT,-10061.8924,-7967.8301,2094.0623000000005,1789.28,2351.5
2026-08-21T03:30:56+00:00,ETH,0xfc27136e42af1732ddc9ce2605ea9bff1b959d9d,REDUCE,SHORT,-4335.1839,-4221.0368,114.14710000000014,2314.27,2351.5
2026-08-21T05:20:36+00:00,ETH,0x020ca66c30bec2c4fe3861a94e4db4a498a35872,REDUCE,LONG,19500.0,19000.0,-500.0,2173.05,2363.0
2026-08-21T05:20:36+00:00,ETH,0x31dea2516beee92135b96f464eeec3cf292a13f2,ADD,SHORT,-1552.5107,-1887.1389,-334.6281999999999,2348.62,2363.0
2026-08-21T05:20:36+00:00,ETH,0x3bcae23e8c380dab4732e9a159c0456f12d866f3,CLOSE,SHORT,-1966.4369,0.0,1966.4369,,2363.0
2026-08-21T05:20:36+00:00,ETH,0x5b5d51203a0f9079f8aeb098a6523a13f298c060,ADD,SHORT,-35338.61,-36090.0428,-751.4328000000023,1956.11,2363.0
2026-08-21T05:20:36+00:00,ETH,0x7717a7a245d9f950e586822b8c9b46863ed7bd7e,ADD,SHORT,-392.3229,-467.6122,-75.28929999999997,2347.33,2363.0
2026-08-21T05:20:36+00:00,ETH,0x7b7f72a28fe109fa703eeed7984f2a8a68fedee2,ADD,SHORT,-38.7437,-123.7888,-85.04509999999999,2357.88,2363.0
2026-08-21T05:20:36+00:00,ETH,0xbc1bc64be47052fbab69d12fe5da1c3327788d1b,ADD,LONG,1500.0,1549.1547,49.15470000000005,2290.19,2363.0
2026-08-21T05:20:36+00:00,ETH,0xd4c1f7e8d876c4749228d515473d36f919583d1d,ADD,SHORT,-9701.8936,-9756.8159,-54.92230000000018,2277.5,2363.0
2026-08-21T05:20:36+00:00,ETH,0xdf954bbe619273a56e0cfa90dad8382195dc7d72,ADD,SHORT,-6000.506,-6163.421,-162.91499999999996,2022.2,2363.0
2026-08-21T05:20:36+00:00,ETH,0xe86b057f5eb764c9738d6b0d38170befd0723664,ADD,SHORT,-282.5185,-373.1608,-90.64229999999998,2345.42,2363.0
2026-08-21T05:20:36+00:00,ETH,0xecb63caa47c7c4e77f60f1ce858cf28dc2b82b00,ADD,SHORT,-18337.3927,-19912.4951,-1575.1023999999998,2334.56,2363.0
2026-08-21T05:20:36+00:00,ETH,0xf5d81a135f756ca16544e53c20fc20643ec3ad53,ADD,SHORT,-4.621,-71.4484,-66.82740000000001,2361.32,2363.0
