addr,av
0xa822a9ceb6d6cb5b565bd10098abcfa9cf18d748,16262050099.32392
0x24de6b77e8bc31c40aa452926daa6bbab7a71b0f,2675631698.478339
0x393d0b87ed38fc779fd9611144ae649ba6082109,1117561421.154286
0xe6111266afdcdf0b1fe8505028cc1f7419d798a7,1085849731.250061
0x8d68efbf06fb8cf932518bcb53705e674c4852dc,805290189.16885
0x488d2a9b70cc18ef66057a48ab3d59da1c59fe08,285713460.769199
0x5b5d51203a0f9079f8aeb098a6523a13f298c060,252391637.09724
0x4eb8d907136189a34c9b087950211b6a566f7819,227673069.308555
0x4ec8fe22a531a96c8a846aaf5cbef73202649a80,224997158.63366
0x05cafe987297448f21a3c7ae0ae815fddecac655,220609026.742662
0xb83de012dba672c76a7dbbbf3e459cb59d7d6e36,210654167.425529
0xdfc24b077bc1425ad1dea75bcb6f8158e10df303,182731923.855583
0x85530f0ff6496c72a619f37a60f3c1a59077737f,176878178.771475
0x1ab185be5ff61f7b678d6a871d439307cd0752e3,166129347.124212
0xecb63caa47c7c4e77f60f1ce858cf28dc2b82b00,127082920.942716
0x493db0ed7514c975e9abcc110bd40c473b6763e3,123522074.127009
0x3258e4e06929b746854c989de764efd015db3943,121408663.26447
0xfc667adba8d4837586078f4fdcdc29804337ca06,116575618.922354
0x87f9cd15f5050a9283b8896300f7c8cf69ece2cf,108302540.00937395
0xfec495e7432264678175bea68c4d7678944f6635,104518064.637094
0x7aa14144f5811aab1ba4a07f014a592f8c9d864c,104100201.432139
0x469f690213c467c39a23efacfd2816896009d7d8,100345627.186706
0xe867fbdad3291530e41530301ecb77693850c78e,99960132.290054
0xf8e3128c778a828f079049eefb89a9041cb4af4d,94290398.760802
0x4e14fc11f58b64740e66e4b1aa188a4b007c0eab,93797477.955347
0xd0e2842e830f2107f151ec0bd307c5871a3b4018,90160142.016777
0xbdfa4f4492dd7b7cf211209c4791af8d52bf5c50,87413592.11354901
0xf9693821d9235a3c08b1c5abfd8dd6d908ee9e12,79960201.989669
0xef406d8e729b6de82852912289f8b70bbdc49956,79375550.648384
0x856c35038594767646266bc7fd68dc26480e910d,77595945.57535602
0x03b9a189e2480d1e4c3007080b29f362282130fa,76783467.72360499
0x6183aecb22b09b4cb167f2b42c611243c7e74318,73842281.560457
0x4c7ea3e9b0e7f0f2ab0d60c22b6d12ff81c09899,72940569.198868
0x0d446c3372a9ba9cddef0eef7a1afab6dc0e8c0b,72274036.808634
0xf47aad93dbdd5cfae218fe02ede7fe6e503cb942,70957328.572885
0xf5d81a135f756ca16544e53c20fc20643ec3ad53,69751261.18552
0x5a264a3c43e7c4a7355f15af76f865cfde8c2208,67687148.448213
0xf992aa323ec183733213f874b6322b8bd1aad625,65644488.31276
0x4f8613500222a4b6e7f570c23ec59c7d936977f1,61226402.574816
0x85ecf584f25db6f146718b86d493e33c5af72052,60759741.75801299
0x5c28f772c43b12d5e4bcddfca52d8ea663d46ca6,58263602.824396
0x931dee7d984fdf3a6984937a153580a0bd5492c5,58263598.283973
0xb6a498c99e2a9a3bfed7d5d7499329f79bb91d47,58263598.281234
0x6b05807ca5015895ed3e5175ae00b3d41d024b4e,58179770.115981
0x13c50dcdee4bbcba71baf578b345cdd35c7928be,57956531.789295
0x1419e75330c71ce463102e6a1eb62fe80b412d5f,57573611.835655
0x910538a18bd911de72e849822c8d658b72ed0541,57525875.818832
0x45d26f28196d226497130c4bac709d808fed4029,56929872.899293
0x2ee6bef5b7b63aeefc9059f1436dabe259c34d1c,55420257.68
0xdc94648b243ba2b3e627d7984018b72d96ffb55f,55092972.841347
0x80d70db097193ad5a60d434329e72251c19609b9,54979395.9587
0x7fdafde5cfb5465924316eced2d3715494c517d1,54905966.83388099
0xa3af593d2d6b5537a8e5a1dea656e77fc2b698b0,54653962.928327
0x71f0019cc7fa79e4f42587fb7b9a817d8d2429ec,54575687.959344
0x15a9d84539028adc387c0bcf02588954e4fa4138,53577823.225779
0x3e71175af4d2a685411d4bb3c9550b525b2fb9eb,53422330.634828
0x1e8fa79fc581a496513c1d90207e88f289aa158d,52664648.269662
0xd9b7b09eb1e2ccbfe293e96a2172a80a47a9582e,52200742.424762
0x77375a8c9d13bf79afb2a87f1b0ac1dfd5f5bf66,51892826.487963
0xf02021e26e0bbfef8ffa2cc9cb64305a8ae465b4,50668838.269503
0x6788a77eab0023851b1b7b4ad6b1cc0a79afbcf1,50006290.649165
0x484bc1608211d0604bf70bae72792a56884562f8,49846315.64612499
0x8def9f50456c6c4e37fa5d3d57f108ed23992dae,48926697.874181
0xb3bd5fafb3dcb7ff0d27a6dcdb1974a2f8ac221d,48484601.3804
0xfd7a84563bf1962498ba82baf3a66b2b326ffb32,48074386.353178
0x53e655101ea361537124ef814ad4e654b54d0637,47908531.625185
0x62bc1fe6009388219dd84f9dca37930f6fb6fa22,47572491.352035
0xbee95bb47bc4e28bb1fd489a2d0f873fe59172ad,47560309.046408005
0x980a88234fd755cc40a2edc2ab2bf41ffc33a16a,47336571.358496
0x556d2bbd04cc98c6eb9b626c9d829dd5fec5605e,47306114.423771
0x0c46eb73fae2816f219fcf11f50d6d3c59b5819e,47288416.287665
0x423d7f725ae7056f03f7ef57f9d0303f91c62e06,47088344.77569
0xa7621b2a64ec9438669071922dc9bc5c1534f8c7,47086414.095342
0xbcd5eaedcb8b975a1310f954ede23e6d23ab7e49,47035418.719029
0x05ffafc6c0efe96584e7237cf27132fcd9d308ce,47019581.32138
0x4e5319deb1072b01439ee674db5c321d11fd96f8,47017200.231228
0x6eba10acaaf584f662691a13795aef5741287359,46987850.819477
0x372c7f69d0ecc14f73f89bd8a7dfb41bdf29857c,46950414.609137
0xf605cd3adabbc3110bc3efb85ebe7be57590a527,46930312.248762
0x1abd8168ea60b37a6a8cc149fa058910d89b0767,46928552.947858
0x987f82a4a19848eaac4fe0be550d1eb4e1518573,46893374.829049
0x14972b3f0140ad3e80f191d4b3f5728d7ee5a652,46869253.67896
0xfe7409d80806b7477b55837f741f726809a0785b,46821919.568319
0x08e9c89f46dccee91bdb85c6532eb93a4c335efe,46772437.90682
0x320c8988e3d1b5198f335802d7bfd2728a8fcac6,46739682.550716
0x35e7771e1b64f8b5c1c9efa82e2242aecd4153b1,46662846.619715
0x88806a71d74ad0a510b350545c9ae490912f0888,46645782.594602
0x8888888c43cbb7e1c4132542e46831bffd866ed3,46637419.581256
0x7aca09667816a4817b8bc697fb239ad42ff9f553,46619662.566857
0x9ff9dbfadad1def3075d340bfc151c9392526880,45547406.370242
0xdd53c5297309130ab5fe5623dc905752e3342b13,44366320.468926
0x5cf738375a667e682f7adfbca83ca89a4655e217,43868031.779105
0x7868e5a7a72ea19e2c5e53b5ca2acbc06dce6f8f,43574783.251118
0xff4cd3826ecee12acd4329aada4a2d3419fc463c,42593083.888161995
0x156115e100141e9330620c253225cc5ee598a31a,42211428.956041
0x0b8aa35c28b7c6ab18f11dc168f437a8a69fd4f8,41715068.116015
0xa9b95f2a2e7ef219021efc5c04c32761b8553bbd,40779549.71548
0x9e875bd28ee5001478c16cb0c8329116a3c3e816,39741531.313029
0xf447ff9a69a5df096669a4369d43ecf2a2ed45ac,39612516.100512
0xdf954bbe619273a56e0cfa90dad8382195dc7d72,39355769.061885
0x1ddf630620b6f46f608f4723b569c42225bd0977,38560293.367513
0xad492f9cadccce9c3c213edd8ae55c152cd3a3ad,38106368.678407
0x3996bc88bb4ad176eef721b95810d342096feddf,37870922.377935
0x8261e9f17c81a5bd96f0008bfb3eed7574dea302,37786352.580483
0x7dacca323e44f168494c779bb5e7483c468ef410,37769303.925598
0xd1e7df6aa8cf46025ef2c3a0ac1fcbb194486018,36911106.489229
0x8b30c22c6610be016d13c4a6cfc23986e911d914,36517464.506758
0x936cf4fb95c30ce83f658b5bbb247e4bb381bb0f,36509946.176218
0x8af700ba841f30e0a3fcb0ee4c4a9d223e1efa05,35830859.460032
0x6555e1cc97d3cba6eaddebbcd7ca51d75771e0b8,35721567.766847
0x8ea85cbd59affca28162fc286d5c093dd0f8edbc,35432548.467625
0xb695651daa495f59dd2725c6fe98322d8b51a92d,35404436.402834
0x023a3d058020fb76cca98f01b3c48c8938a22355,35294613.024974
0xbf49647d017805fcc576ac10f33a788e636f4258,34695697.938385
0xe787dd1347a29e6807d164c4fa43105b64048556,33487383.436757
0xd87a9fc25130c68c3ea25437c34e0b9317cd7a3d,33366508.416821
0x082e843a431aef031264dc232693dd710aedca88,32896214.958874
0x15a4f009bb324a3fb9e36137136b201e3fe0dfdb,32724175.11906
0x47472cd62c99b8b5ce7e84e733515133e9aec0bd,32299399.255904
0xedcdcaa1f18350c50c10bef860e64daa9785d05a,32159680.719775
0xf02d16a272a842f8bac1d9a9e773aba1933454c6,32013490.099207
0x9c6a5b4662c722d2c47f43d6c9813cb080ffa4ed,32000041.063508
0x4c6d679eac539bf7c5a0b7ebd8949ae93b1e5ee9,31898244.273664
0x918704031c1519800241a92736b2903dc5c2a7c5,31797104.789421
0x06b5659f16110319137220d1efd680053f5e72a2,31732507.315165
0xfe7ce058edc7cfcde9ef8262ba51f8d4796ab7ae,30826008.91006
0xacf47525324d000a5a5c42c7622a0e1e26b3cd50,30665771.606123
0x88560b720239179d7f3f9e49ca934a4861593d7f,30461875.823261995
0x49e96e255ba418d08e66c35b588e2f2f3766e1d0,30146557.863298997
0xb0a55f13d22f66e6d495ac98113841b2326e9540,30000000.0
0xde8d9e530b0528ffa7b1190f862536c055dd9524,29573896.875804
0xb8ebd6ed57f4102be5b1caf60d01dd1c9f270f94,29162231.558296002
0x4e23288cee4960f9f962195c22948e4bc7ae20c3,28974874.044706
0x6dbde1a1e0f199b0252e593a422b9340af03075a,28552058.80535
0x82f973a90ff607bf78bf6ec4e93fefe41d4521d8,28311517.441501
0xc26cbb6483229e0d0f9a1cab675271eda535b8f4,28252476.269073
0x416bea03fadfe12efeed668630129028a95775e7,28210806.383974
0xebe126adabe1a8f08d3ce53b45e7cc994ca14070,28166984.210977998
0x0aadc54a9e78cfe2e971aa8edcedea9c6df01f46,28128536.774611
0x0d0707963952f2fba59dd06f2b425ace40b492fe,27692500.147274
0x9a80d88c21be60e870d07d852390e92d09223cf2,27137569.120992
0xeadc152ac1014ace57c6b353f89adf5faffe9d55,26820523.246062
0x60a8c761f39696b3b419f31dcda20b405cb685f6,26615699.866805
0xe2321c8324c1da7b3ba790627d0e4ee444188a23,26594263.594822
0x0f991873aab3e14191978946d48f30f624ae9867,26075622.546046
0xf6ae3f282be7e4d5666660ba404048c292beeb51,26023339.640688
0x57dd78cd36e76e2011e8f6dc25cabbaba994494b,25922822.939460997
0x1225d7a2827eadb55493e0f2ea43ca21b265f6ec,25907994.297639
0x87da9219cf534e8960ca8ce2bd93179006de4a60,25732646.708484
0x13d032655aca891fad353e19424d2a087eccfa8a,25515746.399547
0xa2d1dd0f09239349354b662f75fbd81f3dbc824e,25513274.451303
0x152e41f0b83e6cad4b5dc730c1d6279b7d67c9dc,25343393.455685
0x384479d8dd251a326d3d8fb0879148d594b7efcd,25316337.098754
0x67508812d3d2aadf010412063ac3cabfdd39fcc8,25312393.470227
0x469e9a7f624b04c24f0e64edf8d8a277e6bf58a5,25171939.938056
0xd47587702a91731dc1089b5db0932cf820151a91,25124865.307083
0xd9c6017fa1ba09b42dd161e660aa13e884c9398b,25106757.862269
0xf5629393e446a103a4be1c49a956255e7c87c1d3,25017000.905675
0x399965e15d4e61ec3529cc98b7f7ebb93b733336,25012901.099468008
0xe9f91121e8ec38c2d0fba6dec8bced55b6a42bb7,24876843.697178
0xa906355beaf1d69a5fe73ce55899c49c6e67916c,24836293.449927
0x089fe537f4b2af55fa990bc64ff4125800bba4f8,24815434.495376
0xc15dc0b4223b05588a257e48ed129fb59c6eb7e3,24725695.915009
0x8bdc2d577d84c5dc93cc9f5c2c62ef8840187f51,24687222.914112
0x3dc908374e11623d8eb9f07dfc7a2e5e803a54b0,24672115.432433
0xb581d667c53fd8a50bf7ffd817be0e62daa16f4f,24282517.059132
0xc926ddba8b7617dbc65712f20cf8e1b58b8598d3,24082639.009358
0xdfd526409007db0d524a62dedaaba7706736d88e,23984807.332177002
0x7be1cba648ebe1ab8084244d23f28d68a86480d8,23983723.118738
0xcbcbc9e34f050489c812d742df5ca77b48c11064,23755692.063190002
0xf55fb97d4f572a6ffb13a64a03d8b18afdfff1c2,23730864.7877
0x6666885961fec8ed58ddb45637ea41c02d6423f5,23718279.161199
0xcfe2729438475c5eb9e8e6da6b314a0b9e2d8fb3,23632009.617937
0xc36e04d7b3330cadf8a1dcb48542beb7a04752b7,23473014.897048
0x519c721de735f7c9e6146d167852e60d60496a47,22990270.793578
0x64a4fbb71858f681f3fa10a42b34180a9a48088d,22845326.556533
0xc8b527864ef2ad6dc49de7e99943a3a76ad48891,22798162.542904
0x0283c3c2df1d88cfb13ec35d007d01b128932aa7,22786668.187181
0xf57d13ac85cfe4d142c91fff970d665f8031c87a,22749797.138715
0xfc27136e42af1732ddc9ce2605ea9bff1b959d9d,22174535.82993
0xea0027b6ea9b6d7d401b5266979cc3b3ca87a918,21851590.753882
0x68d756cdc20175714853c6a6a778287eb96680ee,21843317.015703
0xaeaab54bbf65bfd6efed7d2eb68372298e3c2416,21663916.860296
0x31b1ecf848443472e34d204a134812d86ab01434,21412078.617447
0x8607a7d180de23645db594d90621d837749408d5,21281933.392323997
0x4cbd339d9969bf8558af38af46bfd299a80b315f,21096573.047286
0xa445a0a15b1d50fa0c4bfe6796d9447e0da5329d,21031732.770853
0xdf5aa0654283e3cc6d24ad95b6c8ac0e9b851e08,21015839.225544
0x880ac484a1743862989a441d6d867238c7aa311c,20881296.665415
0x5b53358eca5790fa4c268ad6813386b3a86549c7,20857478.835032
0x85c769422ef923435a99459fd26716df35d01ca1,20814211.826004
0xeadc430e590e11b987a07e5e801b22dbb24e2525,20412487.980804
0xf71521e7978560424ff72f4e6e1a1c0abdccdaed,20208711.107017
0x15e4896b2a04a00767d10a9284e577aaf169bfbe,19849263.564172
0xd4d99d205e67e88e5e19d91afd6fcab665b532e8,19693276.136783
0xcac19662ec88d23fa1c81ac0e8570b0cf2ff26b3,19575651.370976
0x0a319407fdbe2776400abfcf17eaa706051bb0ad,19513451.729866
0x0ad9e656d9e6211d0ea1c5462342e1fc94cc4cbf,19409149.487996
0x251f933e62283b6178d6f8c5629859dfa8b96e5d,19378146.112949
0x47581b206ffb2752c165b987141bad0dc22bd605,18967201.805884
0x7fac3a828434d45efda109fdb264d2cb188685c2,18960444.629111
0x29764f15289e130efdb57200a2bda61556d39cc0,18931357.945707
0xd1aebbd4d53fc248a8413c9e6202ebacad6db709,18907219.932769
0xa5522864adf82b3fb853a6c12fca12515a8c121e,18902861.033054
0x9c89f595f5515609ad61f6fda94beff85ae6600e,18897304.885803
0x27bbe88682cbd43559f343ab437c05abc663f40e,18875781.604902
0x5f94a51948d2376ad34a6fadfa2544e651b74b96,18734552.736106
0xb75055233b067dd97bae6babd28e6a095c3d97ae,18526009.111721
0x058226e191fae1af7f4f400c996a60c13dbe7583,18368838.767501
0xdb095d5a4f412fc6b14e6204c1db78bd14becbc1,18006336.02919
0xbe19541903f64af97bcf8436f4d15bf3a56b8bd1,17989801.632016
0xa2ce501d9c0c5e23d34272f84402cfb7835b3126,17803892.347703
0x0392a716dbee1661ea781881826b928daeb5d7d9,17695117.600907
0xceec48581b3145a575508719f45da07dc57fa7ce,17653921.491304
0x16a4814e8eb502c56cebd73f9c8ac7fdee29c042,17617372.402741
0x011a1a6a9897295e1bce760aa70d24470d215809,17411935.692325
0xdd6dca8511066b6c5e57c7eb08c10589d181999e,17407072.230975
0xaf0fdd39e5d92499b0ed9f68693da99c0ec1e92e,17261614.573772002
0x9321d8117e73b0c79035f0e87debcfd8dbb1d75a,17189544.19694
0x73e88bfbccc7b4e143643778c52dc6f246a8e71e,17181520.997879
0x5a1df0f792d811eb2ab2fd1a58882d05635dd801,17038792.98942
0x462e3f2ce774b4dbba10662a2155e4823d4c820f,17037466.860071
0x5822bba4db1a7f2307c74c290ac6e050b75436e6,16974562.854518
0x9c40f18dc57de8cb89c01322db7f2692d2c8d6fc,16867462.448108
0xd78f0921d88c22d74bc776d82b7f057893e308fc,16805590.241288
0x6e93ebc8302890ff1d1befd779d1db131ef30d4d,16790981.516549
0x193842c58a6ba8b1cbfd573cd35421a92a5cf219,16778005.860989
0x835024b41ab27f62ece30148a0a7cfb2a62f2855,16586945.061088
0xd8c5228c515db3043dfa0c8cd6f22450ee9a99b0,16467214.55641
0x89c645ecbd07825b194e3b98300eb3497aaba406,16177232.305080999
0xbbbc35dfac3a00a03a8fde3540eca4f0e15c5e64,16168497.185441
0xf961e5e6c5276164adb2865b7e80cf82dc04e920,15927987.548255
0xc0f5cf95fe2152ddfd2867907800052c2b5dba47,15847219.538656
0x053fa362f5459cf61037d8b554b5cfb055a7a4d3,15753948.668646
0xf02d028ffeddc120a3ec59602a6617303ca55eb3,15672440.120854
0x72f485750bb2a9d9fac43b8e7c4eb1ef6c45e2e0,15631362.314841
0x9e78ff8b65b77d43c6f86b9f23da86df1b3f3904,15577767.054769
0x65356f43684e4a9115df95cc92e9c487a8349c51,15570250.535842
0xdcac85ecae7148886029c20e661d848a4de99ce2,15544751.015275
0x051c2e6d49cf82ebc47f08f9b85800f94fc9693c,15519813.995329
0x24b519d78eea22312308f7369c102e32df4d33e7,15486186.549047
0x1cb5b5c2d32f384da2de2c7c8216868bf23136d9,15308389.209996
0xcead893b162d38e714d82d06a7fe0b0dc3c38e0b,15241228.974773
0xc179e03922afe8fa9533d3f896338b9fb87ce0c8,15099749.896934
0xec0b9ebf2a304c99cafe85c548c14dd7783cb078,15076150.461189
0x457521b0855dddc12d13c5ff8a776baa693e5655,14918464.324064
0xd93268629ed9ac832fbb48a6c34daed81e99c0f9,14903585.42523
0x8196e0648cb16e9151c2920618a58605706b5836,14890044.559895
0x4d470e0a241c3d7321b4b6c6f23f214db85bfa47,14847068.497477999
0x9a1500b41519868039b1f95c447ba50b76d837e6,14836577.069514
0x60ac32d416507c844b43e29b2e12dd23f5277420,14833186.044174
0xe81309ec9b79309e4d108ae3a92d1aa618cd6d74,14798227.672925
0x82b02bd42b8a837228181ea34bf0679a51a37e39,14796024.735382
0x38de32620cf96426b87274ad2331c95f6dab63bc,14688146.076177
0x304f6a20429419a897971512aa3505cc14891a83,14627667.192013
0x69eb4d6ae7f3ce382f98fb727813d0207f880e3b,14624138.978272
0xb38bbe3b0a6f35e20a57bf88f1acd3f1a0ad17ba,14591346.854853
0x13da9d69a9b8a28495ade07d3ff1c61d024808be,14493661.133449
0x7d54a6772903c4f45f05c9b4e89f1dd2a0f52794,14479771.14431
0x9e1894cd670a698363a7f7ef5b4a104cf411152a,14441050.173684
0x2fe21fc5130e953b862d4a6048cfd016ecf3974d,14413767.663396
0x6cd68e8f04490cd1a5a21cc97cc8bc15b47dc9eb,14371774.034169
0x37b81ab9e3ab04b9e3738e4891621205aaa31fd5,14317148.085093
0x08d8983f65f2519b757160f42f6184bdf264a3a4,14309241.65445
0x0d036f7a1b1e66f2e9f9a57c4b1005958c2168c2,14295483.422573
0x1da722cfa8b0dfda57cf8d787689039c7a63f049,14290284.702988
0xfb941d2344b72ea9101400392b818173772d0ddf,14275483.808542
0x23fa1ad1dc4bcdffa41b722a7aef4e3e335d74c4,14266443.039384998
0xb08829de4f6bd59237dfd086a26f15b5b91fbb33,14251619.014044
0xa71c1e8e89f58c2179dd40ac8671b7715853cc1f,14141205.147311
0x00b43bdee2d3fa676ab06739bf1d52f4bad6591e,14066660.376702
0x184d7751999a90dd233589ed6fd12511baa603f7,14062627.846132
0x992d92fb337a867f2629e440e149ca3bb98a8dc8,14054452.905569
0xe26da79f9ba88504b998dffb520f5a1c78d275f7,13988663.209073
0xa1830e8d9f019feb448478a171bb37cc6c4c0482,13987796.955694
0xc63a0f0db2c9604283172e83bd035902e0f0a3cd,13985019.359528
0x5a106f5cf9fba6af5dda6bde1b8f3bacbd532c37,13976484.832615
0x5cdf940491afd849b5a6fad85a384512f76d30bd,13875282.727321
0x1f919bfe96d8c5c25c7268998cc9c4547c44bec5,13854493.197938
0x9eec98d048d06d9cd75318fffa3f3960e081daab,13838825.180284
0xf818fa41af44a1b42ba7433f4ec472be40a2c268,13813224.927680999
0x31dea2516beee92135b96f464eeec3cf292a13f2,13741757.930916
0x2ea6bbf8eaf9f73589c347067c7c43ff637b6fc5,13705772.706874
0x6355f7cf36b24044cd5b089a845113327d0ee58e,13688591.037747001
0x15b325660a1c4a9582a7d834c31119c0cb9e3a42,13654634.536786
0xd260b2216b735277da6771564a01c04856e78321,13649947.564178
0x1592f68a5f481f2456f5811f8102bad4f3b8d3fd,13631279.808208
0xd14d535a383b065cf2228963a984d0e2477bee1f,13599727.804465
0xcf888f3594cad87aaf087501f5cfd013b40f675a,13520428.130987
0xa2c5d94c46d4e24def674734f035aef73450e7b7,13517445.230827
0x4c78a97cef589b01bb91dbf893fffa14243d2444,13512087.863133
0xa0d66bab5f04cb3055cc2f6b0494cb33be32c2c2,13450165.824709
0x0400ad96331e0a3d41e75a1d7950b93e466d1173,13416805.474536
0xd93ff35f84b1f7bbfca0bb4bb1e49b383e5c2c3e,13406256.169712
0x057e4ef25b051110f91102d71ae9fecb2e913220,13325256.18798
0x807a2e2e469df84b299da5f90f15dda4380daca1,13290727.786255999
0x30afce2f6842bf183c7e3fe7162e279ff0b6393e,13279331.75676
0x237152b038d88f4156a0cd71090462de7e3f0883,13261410.895305
0x585f4fbe2d2a889c286fa71fb81d01f30773f4b1,13227066.542726
0x01f69c71cbe55660e97bcf91667e5f5e93b082e8,13219740.270726
0xc0424caa9ecc593556aad63894c85d3e36ec81e3,13217479.335318
0xf517639a8872e756ac98d3c65507d2ebc25cc032,13201561.497446999
0xf299943c201aae7b840a228aaf3e3792ad73f4b5,13177291.69087
0x8ae4c5b303bc77c3aa68f2b71f37c9fa6d3b3d60,13148103.395241
0xbf986efd01cca17305eacad83a8cf5a17c3bbaf3,13134538.553279
0x0f799faf8dd8db6ab7c7a5559fad740e02b8451e,13126361.24543
0x93ab7dbdeb996806454de19c35c8247f4b2511f8,13029955.685223
0x7d24e8463bd0a2ff987182de27f62d919375cd3b,12986652.710885
0xcdb7f6c9171e17a60868fc78e0eb1f370b6bfef7,12916860.387765
0x4a20b9496610941053858bd0b7e92493f44c3c26,12894504.846438
0xf4311c704bcbf734fb86031dd44f3eea9cb28acd,12894245.291536
0xeb5a81b8faac2a4bfbd3a2c463463728fb220bae,12874031.23494
0x3d85d5f9eb363d7928a7e118f30484259f914062,12844852.124425
0x9494938cdaa0e4dbf89178111a072bde6b763758,12801708.263281
0x1d6a840c77f81a6697b990c64fbce8d05979e4ef,12796938.642624
0x6c93641c0a049a171bf80b34d639c51c31b259a4,12729336.758176
0x437478566069f454e6c0ac38350b5e09ce15fced,12717593.743491
0xba0898f80da916730912bb2c2a18b8d76bc8985c,12706437.868394
0x89c5f1cb758bb8d793559f297bd459ba5c49c300,12660424.323891
0x555102344c2ae206d95ad15dea55ebd786f9c32a,12637637.713257
0x33631426077c380edb2fee05effae4e8f481b648,12617814.923895
0x5061364f8f5776cba45726096c4938c68404162b,12595895.49583
0xdfb0be32c83a32ee705e94fae9c3041bfefaf239,12588709.049136
0x3af03d84f51bc4daf695251d1c098407a90fa906,12490845.18426
0x71e6347c84a95e78ea97f453948094a52eb57829,12437368.704325
0x0d9b8a7ba4855f10611c08d50d8d4c2717ccb9df,12394849.605484
0x09dccb6f33b986987457d33db6801b74d2a2c094,12326367.809006
0xa9de65e6e288fa6ff806692c2464582efce3e049,12279704.392101
0x0c5d0549a1f7ad185286a08bfc10f8e9a1c936b3,12268454.808876
0xda3768e9299e1fd81708ec030dac5ea37125f7b5,12253894.998999998
0x5757409b9c6946aedb175b3c89a4be512a0f8a56,12183541.889206
0x007d76eec0ba411ce873a8819df50dd443d967a0,12140447.343992
0x666073af75b8d2e6e9efea414db566494e61aafe,12103535.904691
0x1e37a337ed460039d1b15bd3bc489de789768d5e,12096962.650691
0x4fe53e953f1ff4454d144cb6f4fee3f2ca9363fe,12069446.099282
0xf29c6bc1147a841519b382459a6d7a373c6b9971,12026852.936945
0x59444c7f164c82ce875224091085ac22455d067b,11900607.396516
0x98190b636490f01ceb19ec6280c17ee6eec459ea,11839060.574849
0xa8b0c0e877d7d6f51e988ff4a2c2fc89506e1e8c,11831178.089714
0x4f2ce56828a20a9eea0c5ca082db2958e47f4fb8,11809227.127559
0xd507eeef2152d54b8c00cba499340f7b7a59c948,11768074.678887
0xfa0f450d61acd11bc0f6a986260fc25c1758ccb9,11761215.042037
0x69e914280fd1356b2abaef78439d112976bab985,11730006.464087
0x17ff61be5782773dcf21b330c49bb4a942f5cde6,11727604.00034
0x72655b3926db3afbe914a53b0604905af7ce11a5,11723985.80033
0x7717a7a245d9f950e586822b8c9b46863ed7bd7e,11697856.652213
0x83a0880b1c3054d9191e5c664df107d594287d97,11684869.171321
0xdddedd872f0a79b6f7f22df3b93833f998ea956f,11655467.900566
0xcc1102fad0f87d2223cc3349239033b589274e50,11642140.42048
0xa0bac3063e1ad91da07ed39c46e832a9797c5fcd,11624178.955554
0x757df2c060ec6c7ba898fa6570aa98c1f46294ba,11620196.699175
0x9cd695d5a7b0c8c54e9f67a8cc433e0f3972e548,11572023.290691
0xe78e109e0f5fe0f9cee1d4451755caab42ba64b6,11562625.92556
0x94dac1facdc4afd2614c3119447187b4143bc449,11542552.206416002
0xa98143608a6846453c88f29506d64a8b85532e65,11522484.586251
0xc298efc4785f2f282838924103509156c9578a9c,11518432.092247
0xc4cbe9bf735a1714b3d772661508b24e2504e21f,11510254.768789
0x64b766b07362405a9cc19c2226490f3015929da9,11505425.253926
0x60b081bd8ee2b0e5a2b8f17503322cf7ee7a991e,11504273.341322
0xefdc9122a9d41792aab76c38c3424621a29afcbc,11485676.066755
0x7d5a1b1677316d012f0a5e4ea85b998945114489,11478631.334853
0xfc84a4bba95d3a13f91a9c0d735c0af04a18f4d0,11444542.724825
0xdec491dc23b74291ec0614ebce8232cdbccd5be1,11442129.416213
0x5ccd0f9555ad9a92935090416cd8f104aeafe877,11438279.191501
0xe0f30e5b1e5278c090a6dbcf2f61801d32058bb3,11435321.917955
0x087514061393c2ab3a482bae6d5991665fd97a95,11382312.155198
0x6abb9afffd5c63754552c44f68430d7f9b0e2ca5,11366706.959509
0x55170583813d6fd74a597d8873b1d5cd2e002810,11344886.337315
0x7bfe53ed605a98fa721250eafd7af29688f811dc,11326662.493022
0x552e54ef5d45a695d896f7b1521b38158a4feb94,11316182.141893
0x35a80309be7f97b08abdfb62779d5e41028a32e3,11315795.159467
0xf6439ecd33b9f39de487c5932d52fa116eafc317,11284096.917189
0x4f98411cd8907c10e54ef849ff47b08f8556e990,11272810.005367
0x0b397cb51d9b96b6fdb2b17c8153fca7a2a87b04,11256849.143561
0x41d7c8213d8513e64b67a946b47cdc59486b0951,11243797.37631
0x81c7729c17c5b1ac2ebebc5d61b8a8fbf54fd008,11233651.621414
0xb29c1466a5d899fae256600ba96b54b1c9c53eff,11183157.459117
0x7e4e766d0ae5ea9cded0c694669194db92800107,11165228.327434
0x53dcec71e4936272535b9550013d9d1c65b3625c,11164712.924446
0x44bf09da3999ec7a8a94e00423eb17d897ad0e68,11149283.08042
0xb90d4069c845a5fb40b7a38f6c0b0ff1432ad6a3,11148208.273455
0x854a7cb81c6989ddb172bdc4301755ab7934b5c3,11116233.844839
0xd052741bf35f5971a80a234f0665a2c0187001f0,11107578.543115
0xeeb56331b6a250fe2dbc123f08bdb87aa9840464,11106678.900007
0x88b2448328f4335ad2a8cac06485c378ebe66fe3,11096672.501701
0xd71f115b09cd381f6ff289dd30c3a18a3bd64ae2,11070865.329055
0xebe837cd345469cbc5d6e1fd3d15ee5079ac885f,11070819.282801
0x5f46cba327079feb5a46799ab329f36974a89f5e,11063616.107905
0x6d35a26fd0e4e7fa6013b1b81c3c77c93b930ca7,11058118.877356
0x5385c0631c795745ea784ea2a84da63e458daef1,11052541.347658
0x99e63c0cf5cd4d5bcc4c0f105b471bcc4d527e30,11018627.241701
0xf2925cb0779a741fe33037cbd88fca5382e41244,10989332.059815
0xf866dc0b07ae906cf6322814b49ab62bd48f3011,10985607.976525
0xead5b7d86c681c036c59cd00a0390541061c69f2,10977767.385442
0xec4a6f59960fb55a7fa49262e2628687b322cf62,10977422.997939
0x11ec60c4ea23c182fda02616c375ffa0a7e424d0,10962747.066698
0xae6446c95cc4e455e9cf56f28757ab728d88e81e,10958359.4906
0xca193fde9eb0419b7e0a51a2d7c3691a84bb8600,10927885.309124
0xa3ad3ebe4474febbbe1e98f18ae9835d34febfe1,10904011.117268
0xe9b1dc3d0f91d12902571ad355d61326985d170c,10886116.781346
0x11d9b655df4ca35bb1d42f4beb1e98d8cbccc12e,10862742.238197
0x649ec44a237d25df379e527bda31c4e7e6546c02,10852898.977745
0x52164b64d84740743d45ea446a042095c225a304,10849964.980598
0x505811a5b4959ab17bc3b252903680dc198cfc7b,10843760.084848
0xf5892409d9c4dbc653d301ef3093dd122badb5f4,10839417.557617
0x23e65fe5852f967657c2a1f78d30c8ceff25b66a,10820817.337734
0xda40752ab4f307c2734bdd6bf4d1528c630249ef,10818664.591977
0x9176481229e3208cec92faedfc06bcfd0459d2bf,10805267.015696
0x452cae9818458997b309d590070b4893343bd377,10793527.416024
0x56825661e867c2be7f82d2ea76bde98115446cda,10792549.914608
0xf94a788c2d8e711f3c990c82528ea8a9af10907b,10788704.248364
0x9d9da56dfb923c4a2ea2ed631870d767af000b5e,10786433.332806
0x65c29e704c8c5aa47bf402e436a388d870c6f17b,10780748.396993
0x2fcc9e550fbc573d467006c3c75ca6769edea013,10770087.708197
0x6eb56d27b94a0e05d4d51eea71f6847492fcce81,10750940.890891
0x3fbf5f839b26106b952295e6a89d0586a9599d6a,10640875.985685
0xc36af149b64a41aab6c26ea6b71c37082d9e105b,10628648.644847
0x0871deb34bfd2052b1c10dc4f6c0912a2a47e927,10621756.566599
0xcbd6b0dee49eea88a3343ff4e5a2423586b4c1d6,10591711.750697
0xa14d4cd5dd454a02d8c2fe2d76912c5493e79dc4,10591483.829852
0x55af33a06b667bfeb609641e2a3a6c727f115961,10591170.791388
0xcf5343ba750a6e30afbb1dadda08bc78f8c8ee11,10564746.800421
0xbd1c84113c6deb5044be0c2221f9e9403811ff0e,10548560.439928
0xabdbca561f51626a217cbacdd95fcbd95b6484ac,10532469.784836
0x07fd993f0fa3a185f7207adccd29f7a87404689d,10509208.174397
0xec7f9f5b31b8f5da6ac6c0973bbd496e16f9df39,10478780.84496
0x4e31ecf36d9d57a32010fc9dd80f2ddaf5d78442,10458264.949769
0xdc7f5a39360ebd785072380e407d288f8f90f0b5,10443915.51104
0xc016471bcffdb5a7110b5c26b15ac465614eca3d,10418318.761566
0x218a65e21eddeece7a9df38c6bbdd89f692b7da2,10409909.984663
0xb798aef79972ce8f73d47b9ebbcda6bbb7ec4fbf,10379093.904920999
0x825b1585019299ac9d54c6b9456652350c19f442,10343115.734801
0x6252c94b6321701453bfdd416177360082186b0e,10332366.998793
0x58b27998b4ff896949d5f57466b259e50ee211f3,10331374.370124
0x37f43979cdaf46e34c0d72e618b7badf6e443869,10310780.271703
0x66466428990e0f42a4c54f64bee0db6bf2336de5,10267391.528101
0x8bfbb36bf3ccf465b6e042eb8a7e0dd245405f8b,10248417.829174
0x61ceef212ff4a86933c69fb6aca2fe35d8f2a62b,10186199.432505
0x9aa589355bf745db9784c8ef3c646360f11b58af,10162128.546136
0x789ee6f35d4aa7a428923df29fd4a6d502758c1d,10160369.977003
0xe3b2fdb17031625223e851b904e4dbcaa2fdbf43,10124450.995858
0x251c7242691584d37f38c42d0c9de0b7716ac131,10119908.643608
0x8185a2ee6dd544f17c1c81424d2a90e9b9bc8f48,10107362.665887
0x55b80f17dba49f3803d16136e82d2adc5cdd2a10,10105000.997017
0xa9589c952bc147313233a30e23e71184c698ce12,10087754.116971
0x9cf5ad376405bb470b6c4801db063dff991fcc41,10082617.748977
0x94888b77e70ba631fa9cff87ba9fb07940dd19f6,10079089.333955
0x77ddcc4b6440b3a32b7802f053105c2fad3ae0e9,10077888.355645
0xac04753928961a06af540078410802cc443f5176,10076737.30124
0x90dbb196cacf24bd212b377a0dd62eaad5e8151b,10062990.372472
0x1485ea75a2d5ee79b284cff89511291ab402f052,10059013.636536
0x0a4397153512bed2b731a3de5df7a3d39ddb9e40,10056792.477544
0xab8c993c4540c0d110b4f19519132e6dc7cbd9d8,10053138.129013
0x9e4822a9506c70944e985dd8e04489033a3e3790,10047647.090384
0xa350267fe7a3395a57540fc9e975f6f6d88caf14,10035841.263047
0x64da7335e2ea7649ac447b72c0c59c846be5d4e0,10032797.894269
0xaef362eff698ac7914c384f5f684587be9f3ed52,10030640.702035
0xbf47b9c0e2bf20fa69c1a1d1f7acdb198bba01ba,10024959.955709
0x344fef6f7bbc591363a734ffc1282bf4236caf5d,10019975.807828
0xa5272b72df05af1322b9a68520f8c763aa0ef43d,9994163.431786
0x84abc08c0ea62e687c370154de1f38ea462f4d37,9991118.618574
0x4dbf72026b794951721d2362c8c85033f30664f1,9931852.303033
0x6ba889db7f923622d3548f621ecc2054b80c1817,9921831.767623
0x367e2f93a20e0c04d6e149ed91e1c989c97f13f3,9914485.569892
0xb3496567ab1c3a370a6c4726f76b9453c0672b06,9906341.909147
0x8bddfed1ec21bde1ee812a2a74c07dad69f76aec,9905383.880674
0x1f14fc8ca0dd14e8e588b9a557df0102d5870f5a,9890335.696703
0x55f519cf9e15f52f0f64988b68d1c1c7fb1c8983,9887869.754047
0x1ca9e572e5000e825e2e152f6ec5c511404d5120,9883837.768923
0xce9fdb05002431a12ea45e2db84b43bdfd6b253b,9862167.872557
0xa195c4f333cfe94c0d95208981a817c2281e6a15,9849742.515673
0xec4440be313937c806daa185c9db199f6f700de3,9845528.020282
0x1f10f36f129cbd5f92eaee5910a2fceb8d167d91,9835992.905114
0xaefcc9cacbe0e41978bef1818358f471848de9cb,9826735.388451
0xec85bc052ec5b6d6cb2b40f5caa45e39b61a77fe,9812423.117305
0x4c6452f18d5967f1f7e9884bc5cdfc60452e015a,9808613.567344
0x871bc21698b2513afc48736bcbfd6f4f32311e23,9802803.687915
0x4051aea2475a4ec2c25f2e2efae6eae4d620874b,9799892.0792
0xaa849ff49a51856bc7f3329da749b8beaa6ef391,9763605.713744
0x05bc24d10cbbae0677f284e6f280ebd27a0ed761,9761057.271954
0xf8e75cefe9e6b81687b72434efbccf68a85d6588,9758493.822197
0xd3e711d5e57df4104a5c41476616c3bc0a2b6fd2,9750222.74043
0x217c07737a792863ca438d415c82b172ea0f953c,9742915.788037
0xfc7eca54f07f5fcf94661b10a2fed2851f3c7abf,9714960.827696
0xd2a238110d411970efdc9cccfb4110a6fe24206e,9705765.012875
0x721546769b86db633fcbd5e3a08a0e6343042e3c,9695973.82303
0x9a93adc03b7073fe6ee8b6de8e05c7d199979cc3,9693763.999737
0xa30fcb555167f2d4cea5365991aa60f0b55fd777,9671737.093805
0x9f4ae9aad351b90051d45b36a2ca8b988c32ea06,9666142.235847
0x1cda95229667f316507dfd6b36e59de49dfe30a8,9658215.478954
0x3a1fc78c760221b678f1cd71da1f7f3cc43a48c9,9621329.471623
0x77746ff04a7014752ab12d81d531aa5e50775343,9617834.492942
0x020ca66c30bec2c4fe3861a94e4db4a498a35872,9611854.556419
0xf06d067829591d55b0dd4cfe80f58dbc4e161340,9611150.910562
0x6d7823cd5c3d9dcd63e6a8021b475e0c7c94b291,9601594.936655
0x03795e96b610b2764506db8c8d0f967e21307dfc,9596688.062443
0xa08a80ff9d58af54a78533292c1849db5a2e21e7,9587103.430024
0xb5547661a25d105c6ceb1fca6f72da7ec71b17c4,9560955.731857
0x819dbcea94f89d68e6a756ca45613815577fcc01,9558636.773137
0x071d9fe61ce306aef04b7889780f889f444d7bf7,9535290.167235
0x8fec806c9e94ff7ab2af3d7e4875c2381413f98e,9526408.98838
0x364a45829e8ce2940d8cff911076d8dec40b2e73,9505644.988762
0x9dd013a324f3088dc8c41bc06700176a4203fe9e,9502608.230266
0x323b85a9e2032b84d32bc7c4ac1b8e332347b347,9466209.137709
0x53d140ac8f6b9e44af336d5e26d7354fc53f7b09,9450775.78761
0x0ad0878cc9d8ce470886bc4a47c2ba5186980eec,9450661.678605
0xefba0f56eef05f6a7d614ce519d2e284b46d3583,9434039.456592001
0x7e23ead98212f5476768cf51b5dd76da34a35a5a,9421881.205374
0x25882e0ad0a1a88f849d5622a759fb5ebe17f726,9385149.451667
0x18ed0f81334d32027da587f92eab8c53a87eacbd,9374731.220486
0x265eac78fb57495674227c93065d67abe6f97f70,9372919.684418
0x53517267db72fca16edf4260eadb71d229c78f8d,9370952.105315
0x7249f79f2e159df0d90b2f7a7f268b997f109cde,9369179.968716
0xfc692a90cb4e98eb4761d84a6ecc6cd8c577acf3,9364653.44742
0x68349f6e14d75666b816bc4d930b53ccc9f02e4b,9340417.516865
0x09d63d136a0a98960cee7835d2f794a89ea71697,9340029.840556
0xaa3d56e9695f75eecd6e3e78546154b727147b8a,9307560.0
0x024294c53a69c1e6b39810b3fac87385752fffa1,9289028.779981
0x9e8b1e51c642f4c8b87c6ba11c53d516a218afc4,9281480.531635
0xeee0d806e4f0a427277433d6b580619918770b53,9235213.049904
0x5f912dbde4530bc43f8322196db54592e3dd65aa,9233710.586948
0x8634d4414975577d7c849b9f79b71c8e3450bd65,9221192.692639
0x77eeda199553e33b246e4b4666849b9ad0972902,9190632.717619
0x79dd2fc92bdc3d8cd67228acec838becc8d906e5,9162171.470793
0x17c3c8fdbcb7d1b240ce08965e09b1fc91cba868,9103201.004936
0xb88e7a337988cdc12e43c187b446f4e5f34ca07a,9084721.42113
0xd9998706c0ddc0e59b8def4863d8f3369bf6aa4b,9061982.271743
0xd2d818dfd6ff0f87cc7f3a516a396c1be20deba2,9061845.956402
0x47a127f496d001f187ac65fc24852274dc51d080,9054636.374733
0xe44bd27c9f10fa2f89fdb3ab4b4f0e460da29ea8,9044455.512353
0x29de2668d0c8a5879ebb2f6afbec1c6f485a3e93,9036698.534349
0xaac84e8df34f86edeafe037826c0d4a833237013,9018290.96455
0x16bf84af3f85f8c8a97597bf2be549dfe0dee637,9005220.784461
0xb1ec7febea4f841d525785955b7fe0e812d6e86a,8975479.565199
0xe0736ae0872d83360f20842aed7195b2e1f4ba86,8973946.437953
0x4c3d48cbe2186beeafecc6723630ab8eda4117fc,8963633.35361
0x31c2fe69f2d2d47f9717e6eba589f427066db9e4,8903059.99542
0xeb3648865b1471996e5f65ae845f9eb9226b9a02,8895648.38636
0x325edd95bb016c36027ce3b9f7595af7094a9564,8874774.5171
0x11df0f9c97ede0160ed3a8b70304d6be1aeb496c,8870687.680531
0xb9c13d8164b9b298f04e446b9156224d637e9102,8854763.767346
0x821c41495a65ef34495ba004872130978c3ff5a5,8854293.462609
0x35d247d1d0e95972a545ed23ab191e6249b9b7af,8835295.407286
0xf182e4bc5f038ded53e0d72b781b1bf37ce36c91,8798535.535487
0xd4c1f7e8d876c4749228d515473d36f919583d1d,8787612.875255
0x1bbfb3a33600338d5a948618189649a4588d5fc4,8779537.853892
0x920fa68300c8aa95c4563e0daf79a0b0e51f0cfe,8754706.838201
0xbbcb0c0aef0b28125af2f719f81d6a5b76f56f30,8751471.88532
0xa0479b2c614cbd03ceab36ae5a6d0822035e553c,8751156.204696
0xe357fa9fecb084f0303ff341b0bc55c89f2bb5ce,8747406.25839
0x60468ba27448f88b19f52ed02f1a8c52f7a0b21d,8704169.497332
0x2be027a9ddbba3f1ccd4e90525eb244862fde81e,8684961.127992
0xb9b1dcc053e19bd411f93dd700cde2a5364262a0,8675531.320711
0x5bc53742be55693f003d8cbd48fd2f96af096531,8675391.780145
0xc4d4fc1b01c94be075a51a515f991fa7b949fec4,8669735.917711
0xacb66d1996501bcc82a0e7819c9e041599f5efbd,8600495.008376
0x5cee0ca5f78503820d857371bc018dceab01a723,8566857.40564
0xa9ff08af55b24bb5d064d776a078e8a292b8dfe2,8556063.446058001
0xd218c97bf16662db7014b34bcd02c10b8792457b,8546950.690002
0x98265c164a55b7b348bc3c4ab0bf109e047fed8a,8530888.121066
0x6b0a43a6370598102c7fd5fad057caf06f351c6a,8527911.595896
0x048b75dc11fd31bc38808478fee0c08d4cc05eb3,8502820.575651
0x2ca69ddf1b3a838c1d37c4a55a4ab3ce4247e315,8502648.324972
0x92cbb22a9b9fc01da9914c9b39ed904dd61b859c,8495172.4486
0xca4903c207a0df58bf37d4bc8bbc5210726f53c8,8480588.092338
0x6558704aad14c16072ac828f721b9914b83dc7f9,8476002.104769
0x3eb6bed67d046fbffb8ada21167e592f3fef5470,8450421.015666
0x0b8914c16b46a07736b3a761993228320256fc25,8424914.326237
0x183ba858c94e4a9aea7ad079d6d9369bea65af19,8376030.0
0xaf2896f9de201cf15d0bef9a8e643627ad2253b2,8370970.861859
0xad30b95bf8d25be75522b6e621639dec12c24411,8366894.533864
0x0e41eb80e9a39ae7b887a94f6a88f6c791e26359,8337545.166557999
0xf83ff544ed6f00fe7a74782aee3fd9ea54d96728,8328722.556031
0xa31441e058492bc7cfffda9aa7623c407ae83a81,8323467.042552
0x00b2480fc17195a56769e9dce0fb3288207b3d18,8321609.96972
0xad0135af20fa82e106607257143d0060a7eb5cbf,8314660.118787
0x5e914f78c2711b47a9e62e342465aef2fa3b6515,8304484.534131
0x9a96539a97671c083d4cf924a35c7ea878805176,8276248.937317
0x47391f9770155f02d8a81106505c753e3f3d25e2,8273903.202336
0xcefe50fed236e73fcefb26a2b2691e1654be6265,8267773.278926
0x85772ef06ddb2113644c3958c9b5e03bea743429,8238135.268358
0x83e4f246962da4f8d4fb4fe24eb28b8bf4826cb9,8203112.358122
0x8f8d2d2565bfb10608a7ce64b48e2aea7875a344,8182796.345132
0xd2b2a8ab7a8c903501f4db4ee45c67522a4511ed,8171878.902761
0xd52829854a7e77cf73a68155d9daf705587e5cb7,8157561.702605
0xbd334a55db91617545e8d1b09941e036ad8e4200,8151843.775179
0xc9e531e0469d10435c90ded6994b710df7286416,8136588.866057
0x97a41034c0bd54707ca0ee514d9f354f447d0a77,8133604.458015
0xabc9eda0988d43f9c5ca1f380e6fb2bccc5a01d2,8097689.921428
0x0afb823319994e2add29e6b39c43127e38028930,8087124.737788
0x5ef6ea57cda055f003adb7091af28ba7aedce89a,8083472.93245
0xd9e7a8ea48fb62cc9bdb2a4a7befbc2675824aff,8083162.526583
0xbf732ea04197942783e34730ed6e0f6099575d58,8069079.316644
0x0998dca9d8896c8f3e36ad594db31b3f75ca0e0e,8063737.794201
0xf646ba6fdd0051e839af2855bd58aaba7329065c,8053778.536289
0x7eacdc425e99eaf52ce75ce9b5fc03dce7e2f901,8050523.784887
0xbef6920628acd0f92d6ae204bebd55aa8f7704d2,8025870.293977
0x0ee0a8da64176cda18e8236b1a814571c3c6d028,8012235.244843
0xfbd537e19860a8585debc110699d9f78a123bd3d,8006115.783939
0xa96676cfbff7f03bdd00a80e23fa136d8cc4b487,8001558.833103
0x69154c9fde93fe2908f13c52cd5be261c517c357,7998672.144547
0xef317e433b0836f294866d43f67d6871b609b351,7988156.510513
0xdd7a372377fc633f74ab6e20963803d52f448830,7967447.729396
0x8c18976ab33e10e1b87b8ade1a679311cfe67f43,7965217.652116
0x3be06c6f2d356ed689f34fafb1e79c083eed5945,7953529.553842
0x7d4f2748fdc93bd170d369a212f9d42f4d40db3f,7938153.73811
0xfb00c13f617c5981abb803591267c2241d6c1e9d,7867180.184886
0xe77986bd7f5a2e1fa3e7c9fed0cc300febbe5e62,7865991.788431
0x60af9fb01b2ab24b297f11755c375d24d5717741,7856844.369774
0x49cd250e06615d3dd87de47be71e77744bb89cf2,7855975.051083
0x5faed49291db46f90e9af7331e41046e65776e5f,7842455.6073010005
0x80f0cd23da5bf3a0101110cfd0f89c8a69a1384d,7803288.60375
0xb4473cfeedc9a0e94612c6ce883677b63f830db8,7799832.153413
0xb80839c7e34be648cd88ddc80288325ae971e0b0,7760493.621818
0x029bf0485e2d10bece043bd6b27caf486ee4acc3,7757486.468107
0xa82fe73bbd768bc15d1ef2f6142a21ff8bd762ad,7753876.419362
0xa8d7a2395c7c192d16f265a6aa7ea825fa0368c2,7745509.223043
0x8cc94dc843e1ea7a19805e0cca43001123512b6a,7741868.365201
0xe5cb9fa3ca4cbc91f1d3a8ddb99789b6720ff877,7731455.534165
0x7839e2f2c375dd2935193f2736167514efff9916,7701404.001760999
0x6f75933074ef9774c6c5e309a6261c10b5dca75d,7682688.990339
0xd21d931890d27b6e7e2e668f27931e17698e90f1,7671883.185587
0x8df6b6588cc026a4f5bfeeb786e611911c0263cf,7662599.381273
0xbc1bc64be47052fbab69d12fe5da1c3327788d1b,7644410.422489
0x3bcae23e8c380dab4732e9a159c0456f12d866f3,7630722.385677
0x937ddc1f7a4c1e8b18fe802e6b4b7268953adfda,7628604.625707
0x430f059967cf75000445b1d848c6e02e9d70b863,7611355.180092
0x6859da14835424957a1e6b397d8026b1d9ff7e1e,7609581.509384
0xc2dd194fa4db45f340070d860dee18a97d86ba03,7580260.595119
0x5ac99df645f3414876c816caa18b2d234024b487,7576572.332872
0xf17de447fdfa1778db06111e3cbdc878332adab2,7534901.028574
0x92b75a5bfb7be7911747276ad335b8f5da3ce0f4,7519722.460642
0x6888e153ccf88d9e98dc24e1e9c3b99a58558fad,7478152.730624
0x57febe9bf4cc255b4ac72c6fdb52a19a059a9ef0,7436042.943615
0x03ef8f736498047c3349bb2c18311d1bb4a79054,7435780.93361
0xd978850b844b0d5f4fd1de9d7a1aace6aa782fd9,7429832.373003
0x5c5b7d10bffdeb76059f02d42b642a20f5d671a7,7405898.057309
0x6c28a1cf2e34376ddb7dbec255fc1ee4c2723d33,7387935.003541
0xdf35aee8ef5658686142acd1e5ab5dbcdf8c51e8,7381294.022048
0x960b6c2c4b1498681b8422eb572a8b3a6aa3f0fc,7377760.331713
0x2b61e63b11295c0a1dda2875ac3af00669732f6c,7365431.310499
0x9475e4bfdfadb5cf4ce7cf805044c0db5a8a6f8e,7359350.255856
0xaaabec90c8c4c90abb0ecb0c31377e7dd2ad8052,7337837.901506
0x610b8dd6b392d010c2b6ad8d121dfc09524cb613,7326884.373185
0xc2623322713c834197d899549d9ec6cd0658ab3b,7300880.916013
0xe12532a4cea82aac737a91b80be82d33eadb4c2b,7290074.145434
0xe2f86feccb1207710a442bc4e27a0701a290275a,7268666.143995
0x58f0bf4307c61bc7a5fe11e24fe36e64300b0d20,7249274.232067
0x10e14ba2d77263543be1bdb2851b0933ddf4f4bd,7242384.987053
0x015354106478dda69c4aae3c0cf801290b738052,7231766.09899
0x2312b5480f7e3d1894ed046af15b23186ff0f53c,7212924.678756
0x153c8444380512cabdc34f6cea09c322e14e319a,7205841.16001
0x992ec71207c9e183e64c81461908f1a1a783af6a,7170431.103299
0xe5ac6d42ac6e553a3541b09d322f864f6d7abbe3,7157065.426215
0x5d2f4460ac3514ada79f5d9838916e508ab39bb7,7149514.498611
0x66799bc69d7a7daaf50b6aa03cd5c6a2df1a9454,7113632.865192
0x0883d12b00e5c7462fa053795b2e32281e8b12f7,7111899.308364
0xaaf0d4687570f22648f5c175f34a75105b383db0,7104299.669347
0x222de73edd06b3fec52c66dd29d8aef44d4f3a4a,7072146.151621
0x009e793ca7827566d909834d38eba03a5b56637d,7071040.931896
0x7e60b2ffabe338e43e915146beab5decc1596ed0,7053859.844112
0x4e9f4b18dfd554f1286e062868977ccc2308f777,7048298.372593
0x1367df28c0681431b8a8f3d887576a1cad85560e,7010929.5841
0x75dacaf3c87ffa170aaf0482af68086e091ccdaa,7003588.705663
0xe927f4a34074229d5432c17091af8828514498ef,6984788.876048
0xa3ac65b5b8bd87a8b45d004e9c7074381ed12649,6980025.0
0x9ad934125613ba0eb4307cd6bda9ad3f0919196f,6969315.498043
0x6ea367fc3d73ea72341bb0dd1222f5ba99f55eee,6957530.687534
0x0bd95475435b36a336853cb001a0eb4ed5f36a5f,6955029.640672
0xf1e79e5cf063073deec9a0d86c178f7cde84d479,6952702.316013
0xdc67ed43d4e81dc9a315cd61f897df69f37a6734,6952545.224672
0x4ad2f2d6d22fe386e61f44bbf3ff6bad152e87f4,6950698.285268
0xb4a9964201c213af0c9c7f62af561813c9a2f1f7,6936964.623498
0xe09726ff25f5001f37b15049f54116cb83d7d0fe,6936300.618565
0x7b7f72a28fe109fa703eeed7984f2a8a68fedee2,6925088.636082
0xb962ab62df13e83ff21d96be2004fcaf1edcc7bf,6905742.065311
0x299bbfb54b0550937568258887bc1cea2de14c4c,6904793.968475
0xd18d7ec1c12b8a88f1cc3c7d7b7f4af6f8a94e4a,6903773.0803
0x792b6b15f9420c4aa0c0c3fbd0f0c43a453ae3d4,6885409.450437
0xd769dae10e32d33fb99e7378d9bba944efe7577c,6876780.117329
0x78a12b19e6aa81b8a8dbb15de160bf5cf4c24c6f,6875886.069232
0xd58cf6e76eaf765056b4b18913874a46c3e996b4,6869427.324
0x2a618f4f3f089c873af8cb674db2e43ae123d1cc,6861178.333738
0x795cfd1b03eafc11c4ec958b8a94cfc9aa64a242,6860912.867363
0xc74ca1345cf8672f1c63da5a1fcfc95a8ea49dc5,6842732.478996
0x53f8f390fd4f70941c5d160a964f6893c8dbceff,6808074.603295
0x92cc73d4886e903c46c0d7a297bf2e7f1ef3249d,6797207.097446
0x08c14b32c8a48894e4b933090ebcc9ce33b21135,6789708.110175
0x0bb4b54b2b50a66755b5014367e21541c073041b,6776484.440423
0xdd9f7f2ad376eab80cf1b59856c3b5df12a9039e,6775957.253122
0xb07856ebcb6b37967eaf7c4b4e64dcce28c6de15,6771821.539982
0x558072bed86151b5f992144785e4c4f8059f9c55,6768651.49431
0xd7b19f8aaf5c9619bd5141945a73d2ca74984451,6765329.122337
0xe83b5e3644b50e802a25b34b38b91a061a0d3ca8,6761834.167663
0x3f0fb61b79ceea17dcf7a7f38446485c2fc10ed1,6749328.27336
0x939f95036d2e7b6d7419ec072bf9d967352204d2,6737617.993489
0x92ae4209e3a5760903aff0c423312392eb3f86a8,6717777.326678
0xd70b5cf731e40c087634521ad8c2c58e58a15962,6713501.270765
0x523852be2db1a76a0e088ecbff32e849544054e5,6697431.288288
0x69906b0ed626ca01a4b7c001e5711e5714ccf207,6656896.697253
0xf4a3c6c39424208803feff01d7f3c809cb88fd1c,6626356.587624
0xc6546bfc41e001ac376992a07cdb1d04556cd4c3,6617212.66207
0xe71cbf47fff309813bcea54f3ecf49a5f129264d,6606393.540964
0xaac091f502a773498fb9336f41500fd13098245b,6592098.299929
0x3c83dbcda8d9fbefb75181f40d51205648defc7d,6572043.108815
0x6884b4e1520a6f8ee9717da74c9c26b547f3c914,6562162.688316
0x016e7005d7648b3aabb8023f02601b8b9b8746b0,6555799.099488
0x6adbdaae3f9fa8761b83aef4aeb0bf1352a451be,6549831.384169
0x61507d65380391b6dccfd968da8c409fe0d29b6d,6545910.143174
0xd988b8fec4cc936f0b177031684291fab6d04e59,6531116.581983
0x71038a3e5fd46ba4ca5edc81339a4d1e9e493104,6528936.660281
0x118030edbbfde018d7ce43c62138fc271f5202d3,6526664.800394
0xd9b0a1568c93cea0ab03f1d3597ab1becaba400e,6520602.575045
0xcafe9392d902f6f517b1573371923ebf7ffa7b3b,6514289.956328
0xbdb972d68278f34cbffb3dd522e80e3389a84576,6511715.849195
0x7c4b71c1d8a11ed426f301c372a72e06f528e00b,6509178.688213
0xe666329b68561a3f3419bfeee125e22c240bf118,6500297.031792
0x4be688f2f0c472fa33accf5576e81c68a99bf18f,6464282.3491360005
0xdbe0780a5c5a0e3b345101bbc01ac2218196d6d5,6459770.457113
0x005844b2ffb2e122cf4244be7dbcb4f84924907c,6459009.1194400005
0x9751cec58be43e0e27d57ba49ac3d68ec269a97e,6425708.440879
0x418aa6bf98a2b2bc93779f810330d88cde488888,6422270.291687
0x45ab58a2034f03aa446baf3bb1d236706f866cbc,6409871.672821
0x747932275df815ae819944e57ebb5b3e115ad68b,6371540.767083001
0xd6e56265890b76413d1d527eb9b75e334c0c5b42,6369217.903659
0x62adeb9ae6a4b53bd874334538e73ea4493b5f3b,6361761.88472
0x202db88213dec0f8994284f2d85e41e3ff479219,6346111.036093
0x138bda71236352d996b903b090f09fdb25f442d7,6338894.643402
0xa61c57d0d1a83c02542092b431999b9870dd66b9,6327748.451746
0xb7761df52613fb5e8f835bf09aedcc4a9f03297e,6325452.710793
0xbb10bda01f56b1604f2f024f2d18fcaf5d2b20b0,6322681.206106
0xd97b97f0a2d28314eebb5ef85aceccbce607fa9c,6316835.009825
0x235bbd48cb69a8414b6117b36776999b608b51d1,6291876.876414
0x2ae2519036ba86b7d08a70cb30a3a34a6c3a78ae,6290805.865303
0x61387d7e85508811de339276e013e0517f3782ad,6281957.696551003
0x764560de8481e896983600aecc37f59a4ebb3a1b,6265890.427322
0x9e2cbb5d800181c1ef21b25010dc4ea80eeb5508,6241524.14107
0x13f74e8c9f885a6968c6e3a101cf09d5f040f9ab,6233440.759954
0x960f7ab9df953dd595137441d231f5c53a567880,6230834.908061
0x2aee33ab6a330d1307c0c77088c528ed2cdddd07,6203423.351506
0x381fe486d87c7f2633c777f1b5be3105a2a51744,6170855.73648
0x6d761c723b154a2b1bf0b841d1c95212c93a662b,6167522.754313
0x16adf15ab9ad07fd40b173fd5385aff8c943cc6d,6167304.967359
0x80bb41f7e74cf6d38107871a5f72d218f66b8ae5,6166953.995998
0x355cf0d910bde4e4a9c4ebdd27ec31f69f94b917,6139783.144007
0x3bb26e0927a81ab3df5bd69598b9b4adc7786d95,6137794.627567
0x1043efcd9ab587605c6587deeb5d69fb39fe4cc6,6133043.953461
0xe8ae60594af0dbd565e32526548f7dc6e6f7cbdc,6127200.436657
0xdae84fffb8090d2c4bbcac8e161e0034f3602d20,6124284.173528
0xf10a13e0baaf40f6ccb1195858320258404ccd5e,6123173.795249
0xe8afe06775c266018804744ce71b20b024eee34b,6123029.575569
0xd7947235dfd2aebbd40cb0351484c5952456e995,6119781.771094
0x123dbca6a27005a3c4ce10cb66ee8ece8fc13bff,6084035.900611
0x2c6f7831be3fe15cc7025672f27623a921553725,6079390.980529
0xaeae3319f670f1f7aa18b42f9d5f3452f4ee69e6,6063364.512411
0xda744273f80b22412417f7cfe0503f3d721f987d,6059249.4404
0x6ed6644cd7ae111d19acd82f9d8d31976c7f20e2,6058003.649119
0xeaad1c358354a51ef09265f1b64d6c562d943c26,6056708.759441
0x668cec05549105e5b05bcc779a43186735d7ea2e,6045872.937859
0x8c028b7c65d86d9721874c87819c6196e6cdb73f,6011883.066467
0x357453b3d5aa2a70adf1d8f8a7eec5aa46787227,6004539.893176
0x9e42410de11eac814d8ba5e9f022b2e7031e79b8,6000579.199661
0x8b3fdac749d04382f375f5cddc4e7dc3a78bc6cd,5997642.790052
0x4f3a38eb21c08e8d55665a3b47410a62b78feec9,5989908.979109
0xb829fd12a23c88e0f1eb85238799f8fd400a3a81,5989527.819758
0x67fcc46ed2a63971697dad2fc7bb0091fe89e51d,5974856.154356999
0x0fd6f65d35cf13ae51795036d0ae9af42f3cbcb4,5960713.233087
0xd8d10ebfc3eff51eb3439e9c18dc0b48cd600a37,5956840.001048
0x3fc56e944aa7b1594c85861b2d46a07f82a2c0c1,5951184.00567
0xf379f0c662f9b83499dd6adf73af958511d07424,5950669.328106
0x90713ff8106e48e887aab5e318a2ce53ed848d19,5947319.755596
0x67f2d1e12bcd20f07e14f716bf5453e91cf42318,5946650.441887
0x400d21f078bb51482fa315606529e22274352d34,5944373.603382
0x4cae5bed586f6e73ae54ebd40a4ac4ed2c477c34,5938694.321163001
0x0da471bcf0efffe3ac1b247940c28ab729d8ef37,5927715.480821
0x9703a5fbbeb3ff5f779f953ddd5a6206fa39e05d,5911541.222256
0x5b38783a7e9cb244c8e9906ea2836ccde49dbd99,5886833.225482
0x2fd6e64bdce13f79dba8e430cd5a2bfea813f1c9,5880603.439019
0x6eba55ae0af64d71a595e6565fe45eeef27d662f,5878678.347001
0x4bdf5bfb01c480695c33454158cc3f3b62e266c8,5866948.731187
0xa37639fc1111d0c3a3a432281b7781fe5597a30b,5855884.230621
0x0748e296e5a350ec36c8487a1cea406e1b57d4b2,5852600.066354
0xb0026ca48937bd18c5941c05decab68b0fcced8a,5845766.889929
0x84a1ac84be5665ea189b1d85aa0230a7aa3e1ff9,5829482.96408
0xba122158fb58701f0e1380f8320f763df85d0ffb,5823896.254229
0x549e6dd8453ed87fccdcf4f8b37162b10edc0533,5813038.345354
0x92bbd8110393350dda7e9c32089e95af071a9b6f,5811724.235975
0x862dd8e68f30693e3d3c9daa42a440bc6d2a1f0c,5810184.2806509985
0x8212cf7883284ccf94971fed035e1393976f235f,5787258.956175
0xe86b057f5eb764c9738d6b0d38170befd0723664,5786940.675994
0x01d734e9e7847248864c2c7bbab16c4d5e04a990,5785717.842477
0x1e6db0fdf1a0f6edb78753184eb0fe5485c2eef2,5785328.353111
0xb3e475368ed0fa0ad23c04de0423d48a0758806f,5785234.727828001
0xb33b01c9821a99d3d4ec14b1c9a2197524b9af97,5776997.053335
0x40aa0292ed88ebef01b85cda317dbbed8f060b02,5776494.233011
0x192bb1fdb08a197e1cdebcfc52deee92e5e33e1d,5766131.628996
0xb62be9197c2755c45c8d60f62a1f5c9056411d6f,5761624.93721
0x9b2d6191b3d90fa3756f40e560bcf721931d933e,5744259.49877
0x9db1b9d343ffd38b7109b6a2c21da04fc273a7d1,5736828.712623999
0x1e771e1b95c86491299d6e2a5c3b3842d03b552e,5727563.503729
