addr,av,coin,szi,entryPx,notional,upnl,liqPx,lev,levType,ts
0x5b5d51203a0f9079f8aeb098a6523a13f298c060,158529974.47886,SOL,-742319.22,94.3122,87779247.765,-17769472.756453,312.1370815697,10,cross,2026-09-30T22:29:51+00:00
0xb83de012dba672c76a7dbbbf3e459cb59d7d6e36,119402643.978294,SOL,-293785.63,90.34,34740150.7475,-8199549.535041,512.7382149752,5,cross,2026-09-30T22:29:51+00:00
0xfc667adba8d4837586078f4fdcdc29804337ca06,32615894.2113,SOL,-25030.42,120.5808,2959847.165,58341.310413,1336.4091942185,20,cross,2026-09-30T22:29:51+00:00
0xecb63caa47c7c4e77f60f1ce858cf28dc2b82b00,54226551.043066,SOL,-57597.68,119.3842,6810925.66,65328.782376,932.3652999134,20,cross,2026-09-30T22:29:51+00:00
0x856c35038594767646266bc7fd68dc26480e910d,637651.919699,SOL,827.66,80.9431,97870.795,30877.39951,,20,cross,2026-09-30T22:29:51+00:00
0xf5d81a135f756ca16544e53c20fc20643ec3ad53,1560539.989153,SOL,-0.25,118.0,29.5625,-0.0625,6089932.5998439025,3,cross,2026-09-30T22:29:51+00:00
0x7fdafde5cfb5465924316eced2d3715494c517d1,57685995.563004,SOL,26321.97,119.3207,3112572.9525,-28183.01149,,20,cross,2026-09-30T22:29:51+00:00
0x45d26f28196d226497130c4bac709d808fed4029,19851015.080343,SOL,-29220.0,93.2845,3455265.0,-729489.02051,1244.0525603575,20,cross,2026-09-30T22:29:51+00:00
0x77375a8c9d13bf79afb2a87f1b0ac1dfd5f5bf66,18087741.980798,SOL,-20384.06,102.9403,2410415.095,-312073.2037,1154.430157733,10,cross,2026-09-30T22:29:51+00:00
0xdd53c5297309130ab5fe5623dc905752e3342b13,47785422.629121,SOL,0.19,100.75,22.4675,3.325,,3,cross,2026-09-30T22:29:51+00:00
0xdf954bbe619273a56e0cfa90dad8382195dc7d72,10028491.443117,SOL,-6077.09,104.5825,718615.8925,-83058.503327,4530.4396005707,20,cross,2026-09-30T22:29:51+00:00
0x936cf4fb95c30ce83f658b5bbb247e4bb381bb0f,24862844.229782,SOL,-25965.49,104.2511,3070419.1925,-363487.566985,897.1166804749,20,cross,2026-09-30T22:29:51+00:00
0x9c6a5b4662c722d2c47f43d6c9813cb080ffa4ed,16646506.404337,SOL,550087.69,80.8579,65047869.3425,20568882.953421,67.552817308,20,cross,2026-09-30T22:29:51+00:00
0x023a3d058020fb76cca98f01b3c48c8938a22355,11595589.090281,SOL,18374.87,118.602,2172828.3775,-6469.032231,,20,cross,2026-09-30T22:29:51+00:00
0x3dc908374e11623d8eb9f07dfc7a2e5e803a54b0,8277221.008727,SOL,-180000.19,105.1079,21285022.4675,-2365580.31941,174.2166199682,20,cross,2026-09-30T22:29:51+00:00
0x469e9a7f624b04c24f0e64edf8d8a277e6bf58a5,13335997.309283,SOL,-200776.85,118.8278,23741862.5125,116012.6559,173.0062273567,20,cross,2026-09-30T22:29:51+00:00
0x47472cd62c99b8b5ce7e84e733515133e9aec0bd,11245789.385109,SOL,0.02,117.6977,2.365,0.011046,,20,cross,2026-09-30T22:29:51+00:00
0xb581d667c53fd8a50bf7ffd817be0e62daa16f4f,10364174.056144,SOL,90000.0,114.5921,10642500.0,329207.7122,,3,cross,2026-09-30T22:29:51+00:00
0x8607a7d180de23645db594d90621d837749408d5,1435736.824827,SOL,177.28,92.355,20963.36,4590.6656,,20,cross,2026-09-30T22:29:51+00:00
0xcac19662ec88d23fa1c81ac0e8570b0cf2ff26b3,3324403.165961,SOL,8884.1,119.1829,1050544.825,-8288.0594,,20,cross,2026-09-30T22:29:51+00:00
0xbe19541903f64af97bcf8436f4d15bf3a56b8bd1,7769978.011541,SOL,-30451.69,97.6151,3600912.3425,-628365.71214,674.2582655283,3,cross,2026-09-30T22:29:51+00:00
0xea0027b6ea9b6d7d401b5266979cc3b3ca87a918,9108959.485033,SOL,20022.69,66.0904,2367683.0925,1044374.49347,,20,cross,2026-09-30T22:29:51+00:00
0x9c89f595f5515609ad61f6fda94beff85ae6600e,2360921.334314,SOL,189472.5,115.2094,22405123.125,576107.86388,33.1000667348,20,cross,2026-09-30T22:29:51+00:00
0xfc27136e42af1732ddc9ce2605ea9bff1b959d9d,8955034.458024,SOL,-5808.8,119.1485,686890.6,5219.651527,1289.3392980643,20,cross,2026-09-30T22:29:51+00:00
0x051c2e6d49cf82ebc47f08f9b85800f94fc9693c,3211894.442895,SOL,13039.07,76.7003,1541870.0275,541769.3373,,5,cross,2026-09-30T22:29:51+00:00
0x9a1500b41519868039b1f95c447ba50b76d837e6,23178.844822,SOL,311.92,112.4292,36884.54,1815.603897,104.1329215019,10,isolated,2026-09-30T22:29:51+00:00
0x13da9d69a9b8a28495ade07d3ff1c61d024808be,4233880.028657,SOL,167504.18,119.4,19807369.285,-192629.807,97.9863379402,5,isolated,2026-09-30T22:29:51+00:00
0xd260b2216b735277da6771564a01c04856e78321,1426964.251335,SOL,-50000.0,115.5186,5912500.0,-136565.8363,143.2090585626,20,isolated,2026-09-30T22:29:51+00:00
0x31dea2516beee92135b96f464eeec3cf292a13f2,9636708.19862,SOL,600.58,117.9269,71018.585,193.999925,,20,cross,2026-09-30T22:29:51+00:00
0x7717a7a245d9f950e586822b8c9b46863ed7bd7e,10189858.393231,SOL,8428.62,118.8797,996684.315,-5307.950207,,20,cross,2026-09-30T22:29:51+00:00
0xf517639a8872e756ac98d3c65507d2ebc25cc032,8155009.830266,SOL,-56802.22,80.7459,6716862.515,-2130314.35456,251.5599489603,20,cross,2026-09-30T22:29:51+00:00
0x1e37a337ed460039d1b15bd3bc489de789768d5e,12658751.678615,SOL,696.86,123.1159,82403.695,-3390.905092,,20,cross,2026-09-30T22:29:51+00:00
0x8ae4c5b303bc77c3aa68f2b71f37c9fa6d3b3d60,5374712.906241,SOL,54262.04,110.5943,6416486.23,415413.6205,,10,cross,2026-09-30T22:29:51+00:00
0x4a20b9496610941053858bd0b7e92493f44c3c26,3559912.905738,SOL,120000.0,101.2648,14190000.0,2038219.9468,22.9270593843,20,cross,2026-09-30T22:29:51+00:00
0x61ceef212ff4a86933c69fb6aca2fe35d8f2a62b,10346325.99394,SOL,-1999.0,98.1024,236381.75,-40275.01123,1467.9548897429,20,cross,2026-09-30T22:29:51+00:00
0xa98143608a6846453c88f29506d64a8b85532e65,1286049.452375,SOL,-310.1,89.515,36669.325,-8910.7235,13943.7838833169,20,cross,2026-09-30T22:29:51+00:00
0x9aa589355bf745db9784c8ef3c646360f11b58af,4162124.558113,SOL,-18033.07,113.8079,2132410.5275,-80102.905921,594.9607549926,20,cross,2026-09-30T22:29:51+00:00
0x07fd993f0fa3a185f7207adccd29f7a87404689d,10715529.545841,SOL,4071.87,102.4247,481498.6275,64438.378704,,20,cross,2026-09-30T22:29:51+00:00
0xec85bc052ec5b6d6cb2b40f5caa45e39b61a77fe,665987.222412,SOL,-1775.19,121.8708,209916.2175,6427.619927,4753.6632980033,2,cross,2026-09-30T22:29:51+00:00
0x6ba889db7f923622d3548f621ecc2054b80c1817,249832.552303,SOL,-444.71,117.928,52586.9575,-143.1672,608.230468314,20,cross,2026-09-30T22:29:51+00:00
0xacb66d1996501bcc82a0e7819c9e041599f5efbd,1710658.611218,SOL,-10132.68,89.8041,1198189.41,-288232.917098,969.6320663458,20,cross,2026-09-30T22:29:51+00:00
0x77eeda199553e33b246e4b4666849b9ad0972902,3764036.186181,SOL,-23326.03,105.2991,2758303.0475,-302091.893914,456.8073081417,20,cross,2026-09-30T22:29:51+00:00
0x7e23ead98212f5476768cf51b5dd76da34a35a5a,2662754.623231,SOL,48564.56,105.1707,5742759.22,635190.0586,77.4887799886,5,isolated,2026-09-30T22:29:51+00:00
0xca4903c207a0df58bf37d4bc8bbc5210726f53c8,8539376.548212,SOL,-42266.04,109.2596,4997959.23,-379986.3797,298.0824874639,20,cross,2026-09-30T22:29:51+00:00
0x8cc94dc843e1ea7a19805e0cca43001123512b6a,5298162.13817,SOL,-2000.0,108.4255,236500.0,-19648.872884,2979.1977319078,20,cross,2026-09-30T22:29:51+00:00
0x92cbb22a9b9fc01da9914c9b39ed904dd61b859c,643754.151676,SOL,540.37,117.8138,63898.7525,235.705022,,20,cross,2026-09-30T22:29:51+00:00
0x6859da14835424957a1e6b397d8026b1d9ff7e1e,2913099.045886,SOL,-8418.26,83.6541,995459.245,-291237.044764,445.0224385337,20,cross,2026-09-30T22:29:51+00:00
0x123dbca6a27005a3c4ce10cb66ee8ece8fc13bff,6080835.559445,SOL,17209.1,89.5346,2034976.075,494164.540445,,20,cross,2026-09-30T22:29:51+00:00
0xad59ed47c226987cf458a63428ca10887773ba81,3260699.714987,SOL,-800.0,98.9063,94600.0,-15474.9,7693.3143753634,1,cross,2026-09-30T22:29:51+00:00
0x7b7f72a28fe109fa703eeed7984f2a8a68fedee2,1962446.979314,SOL,-972.0,117.8765,114939.0,-362.979032,2081.2612955746,10,cross,2026-09-30T22:29:51+00:00
0xd4c1f7e8d876c4749228d515473d36f919583d1d,5479145.65214,SOL,-506.41,118.6523,59882.9825,203.755256,8837.8366563081,20,cross,2026-09-30T22:29:51+00:00
0x4a96036fb1529561fa3eeeb2781fad2d4f25500e,526631.520376,SOL,-10.0,117.44,1182.5,-8.1,201563.1446706342,20,cross,2026-09-30T22:29:51+00:00
0xa61c57d0d1a83c02542092b431999b9870dd66b9,4968519.850784,SOL,-510.0,101.515,60307.5,-8534.8,11112.2263841129,20,cross,2026-09-30T22:29:51+00:00
0xe927f4a34074229d5432c17091af8828514498ef,6347233.487478,SOL,78000.0,96.3351,9223500.0,1709358.51822,37.8207299477,3,cross,2026-09-30T22:29:51+00:00
0x610b8dd6b392d010c2b6ad8d121dfc09524cb613,4411261.166989,SOL,29634.14,101.2345,3504237.055,504237.705,69.763883582,3,isolated,2026-09-30T22:29:51+00:00
0xa0b7020185b97f496f523c3f769eebcffcc56165,4894995.090143,SOL,-74484.98,108.2605,8807848.885,-744066.331668,188.7332087898,2,cross,2026-09-30T22:29:51+00:00
0xe86b057f5eb764c9738d6b0d38170befd0723664,3167987.347154,SOL,843.57,118.0571,99752.1525,162.704274,,20,cross,2026-09-30T22:29:51+00:00
0xba5d9cc840745aeeeeedac5712e32f13ab8ea352,3601219.742134,SOL,-4929.59,101.4343,582924.0175,-82894.468491,971.8751934882,20,cross,2026-09-30T22:29:51+00:00
0x3fc56e944aa7b1594c85861b2d46a07f82a2c0c1,1484828.300529,SOL,-22000.0,97.3157,2601500.0,-460552.590018,186.6738728964,20,cross,2026-09-30T22:29:51+00:00
